card_id,card_type
148,Debit
685,Debit
980,Debit (Prepaid)
1208,Debit
1284,Debit
2064,Credit
2160,Credit
2239,Debit
2880,Debit
2930,Credit
3056,Credit
3148,Debit
3650,Debit
4015,Debit
4125,Debit
4559,Debit
4777,Credit
5290,Credit
5426,Debit (Prepaid)
5649,Debit
5794,Debit
5811,Debit
5864,Credit
5938,Debit (Prepaid)
79,Credit
403,Debit
585,Debit
779,Credit
956,Credit
986,Credit
1045,Debit
1086,Debit (Prepaid)
1108,Debit
1112,Debit
1291,Debit
1349,Debit
1366,Debit
1387,Credit
1585,Credit
2054,Credit
2481,Debit
2815,Credit
3058,Debit
3806,Debit
3942,Debit
3999,Debit
4060,Debit
4293,Credit
4383,Credit
4630,Debit (Prepaid)
5612,Debit
5628,Debit
5841,Debit
5913,Credit
5997,Debit
6010,Debit
6122,Debit
6142,Credit
1056,Debit (Prepaid)
1065,Debit
1130,Debit
1281,Debit
1450,Credit
1497,Credit
1713,Credit
2067,Credit
2187,Debit
2209,Credit
2439,Debit
2594,Debit (Prepaid)
3136,Credit
3295,Debit
3314,Debit
3398,Debit
3411,Debit
3676,Debit
4173,Credit
4198,Debit
4549,Debit
4596,Debit
4610,Credit
4729,Debit
5146,Debit (Prepaid)
5525,Debit (Prepaid)
5621,Debit
6128,Debit
53,Credit
101,Credit
547,Debit (Prepaid)
1403,Credit
1553,Credit
2676,Debit
2837,Credit
2955,Debit
3204,Credit
3320,Credit
3420,Debit
3531,Credit
4050,Debit
4086,Debit
4345,Credit
4801,Debit
4837,Debit
5098,Debit
5172,Debit
5337,Debit
5440,Debit
5548,Debit
5647,Debit
5759,Debit
5969,Debit
71,Credit
91,Debit
353,Debit
680,Credit
936,Credit
1385,Credit
1578,Debit
1903,Debit
2288,Debit
2685,Debit (Prepaid)
2831,Credit
3050,Debit
3267,Credit
3465,Debit
3571,Credit
3973,Debit
4349,Debit
4432,Credit
4626,Credit
4651,Debit
4762,Credit
4826,Debit
4990,Debit (Prepaid)
5705,Credit
5819,Debit
6133,Debit
368,Debit
398,Debit
458,Credit
571,Credit
619,Debit
655,Debit
679,Debit
851,Debit
1667,Debit
1778,Debit
2086,Credit
2431,Debit
2600,Debit (Prepaid)
2618,Debit
3061,Debit
3088,Debit
3340,Debit
3382,Credit
3510,Debit (Prepaid)
3886,Debit
4239,Debit
4247,Debit
4883,Credit
5211,Debit
5500,Debit
5658,Debit
5953,Credit
6060,Debit
44,Debit
61,Debit
157,Debit
672,Debit
738,Debit
822,Credit
1106,Debit
1326,Debit
1597,Debit
1872,Credit
2357,Credit
2358,Credit
2404,Credit
2615,Debit (Prepaid)
2617,Credit
2630,Credit
2804,Debit
3047,Debit
3671,Debit
3896,Debit
3939,Credit
4021,Credit
4067,Credit
4134,Debit (Prepaid)
4191,Credit
4530,Credit
4570,Credit
4768,Debit
5400,Debit
5414,Debit
5517,Debit
5577,Debit
5634,Debit
5964,Debit
6025,Debit
569,Credit
1103,Credit
1344,Debit (Prepaid)
1471,Debit (Prepaid)
1598,Debit (Prepaid)
1684,Credit
1881,Credit
2117,Debit
2265,Debit
2567,Debit
2965,Debit
3960,Debit
4105,Debit
4261,Credit
4357,Debit
4536,Debit
5090,Debit
5589,Credit
5793,Debit
5982,Debit
6033,Debit
237,Credit
317,Credit
488,Debit
595,Debit
632,Credit
830,Credit
996,Debit (Prepaid)
1069,Debit (Prepaid)
1323,Credit
1372,Debit (Prepaid)
1397,Credit
1685,Debit
1805,Debit
1812,Credit
1858,Credit
1871,Debit
1961,Debit
2280,Debit
2295,Debit
2740,Debit (Prepaid)
2789,Debit
2983,Credit
3094,Debit
3324,Credit
3718,Debit
4006,Debit (Prepaid)
4431,Debit
4800,Debit
4818,Debit
4886,Debit
5449,Credit
5799,Credit
6004,Debit
635,Debit
674,Debit
1040,Debit
1320,Debit
1369,Debit (Prepaid)
1643,Credit
1648,Debit (Prepaid)
1656,Debit
1804,Debit
1873,Credit
2210,Credit
2421,Debit
2680,Debit
2760,Credit
2839,Debit
2862,Credit
3025,Credit
3083,Debit
3303,Debit
3666,Credit
3991,Debit
4249,Credit
4287,Debit
4419,Credit
4809,Debit
4821,Debit
5009,Debit
5617,Debit (Prepaid)
5629,Debit
5965,Debit
401,Credit
477,Credit
724,Debit
1146,Credit
1243,Debit
1491,Debit (Prepaid)
1580,Credit
1635,Debit (Prepaid)
1696,Debit
2006,Credit
2164,Credit
2427,Debit
2568,Credit
2949,Debit
3003,Debit
3063,Debit
3264,Debit
3347,Debit
3442,Credit
3575,Debit
3618,Credit
3655,Debit
4187,Debit
4263,Debit
4381,Credit
4387,Debit
4535,Credit
4576,Credit
4835,Debit
4861,Credit
4973,Debit (Prepaid)
5180,Credit
5344,Credit
5386,Debit
5575,Credit
5829,Debit
196,Debit
367,Debit
1011,Debit
1145,Credit
1299,Debit
1525,Credit
1816,Debit
2470,Credit
2763,Debit
2785,Debit
2834,Debit
2881,Debit
2978,Debit
3045,Credit
3831,Debit
3846,Credit
3851,Debit
3894,Debit
4117,Debit
4152,Credit
4180,Credit
4235,Credit
4435,Debit
4494,Debit
4498,Credit
4548,Debit
4568,Debit (Prepaid)
4958,Credit
5064,Debit
5141,Credit
5212,Credit
5244,Credit
5480,Debit (Prepaid)
5709,Debit
5970,Debit
5971,Debit
173,Debit
747,Credit
1030,Debit
1556,Debit
1637,Debit
1740,Debit
2057,Debit (Prepaid)
2135,Debit
2332,Debit (Prepaid)
2823,Debit
2898,Credit
2971,Debit
3617,Credit
3656,Debit
3845,Credit
4226,Credit
4408,Debit (Prepaid)
4437,Credit
4854,Debit
4882,Debit
4961,Credit
5155,Debit (Prepaid)
5737,Debit
5860,Debit
5903,Credit
5954,Debit
40,Debit
389,Debit
453,Debit
486,Debit
594,Debit
803,Debit
1039,Credit
1428,Debit
1567,Debit (Prepaid)
2231,Debit
2237,Debit
2296,Debit
2559,Debit (Prepaid)
2856,Debit
2942,Debit
2966,Debit
3024,Debit
3133,Debit
3299,Credit
3472,Debit (Prepaid)
3593,Credit
3651,Credit
3740,Debit
3967,Debit (Prepaid)
4172,Credit
4501,Debit (Prepaid)
5374,Debit (Prepaid)
5388,Debit
5554,Debit
5584,Debit
5591,Credit
5859,Debit
5901,Credit
5914,Credit
6118,Credit
99,Debit
114,Debit
174,Debit
402,Debit (Prepaid)
442,Credit
955,Credit
1101,Debit
1104,Credit
1224,Credit
1483,Credit
1531,Credit
1547,Credit
1691,Debit
1866,Debit
1967,Debit
1987,Debit
2635,Debit (Prepaid)
2681,Debit
2714,Credit
2780,Debit
3296,Credit
3369,Credit
3579,Debit
3968,Debit
4024,Debit
4444,Debit
4563,Credit
4619,Credit
4789,Debit
4848,Debit
5027,Debit
5175,Debit (Prepaid)
5191,Debit
5439,Debit (Prepaid)
5474,Debit (Prepaid)
5738,Debit
5827,Credit
5890,Debit
5993,Debit
2,Debit
233,Credit
257,Debit
275,Credit
294,Debit
618,Debit
678,Debit (Prepaid)
817,Debit
911,Debit
1024,Debit
1720,Debit
1785,Credit
1790,Credit
2053,Debit (Prepaid)
2088,Credit
2521,Debit
2609,Credit
2648,Credit
2784,Debit
2792,Credit
3238,Debit
3348,Debit
3504,Credit
3598,Debit
3698,Debit
3855,Debit
4102,Credit
4370,Debit
4404,Debit
4868,Credit
5131,Credit
5255,Debit
5505,Credit
5542,Debit
5641,Debit
5721,Credit
5746,Credit
6001,Credit
229,Debit
263,Credit
399,Credit
631,Debit
687,Debit
705,Credit
736,Debit
1020,Debit
1205,Debit
1228,Debit
1376,Credit
1674,Debit (Prepaid)
2183,Debit
2407,Credit
2516,Debit
2657,Credit
2720,Credit
2757,Credit
2794,Credit
2918,Debit
3227,Credit
3253,Debit
3403,Debit
3496,Credit
3541,Debit
3909,Credit
4016,Debit
4353,Debit
4795,Debit
5025,Debit
5236,Debit (Prepaid)
5660,Debit
5747,Credit
6026,Credit
6042,Debit
213,Credit
244,Debit
429,Credit
439,Debit
745,Debit
899,Debit
1229,Debit
1481,Debit
1636,Debit
1756,Debit
1988,Debit
2201,Debit
2765,Debit (Prepaid)
2776,Credit
2832,Credit
2860,Debit
2861,Debit (Prepaid)
2909,Credit
3184,Debit
3522,Credit
3572,Debit
3801,Credit
3849,Debit
4065,Debit
4332,Credit
4874,Credit
5202,Debit
5241,Debit
5847,Debit
5972,Debit
305,Debit
476,Debit
565,Debit (Prepaid)
1359,Debit
1472,Debit
1594,Credit
1615,Debit (Prepaid)
1757,Debit
1802,Debit
2055,Debit
2235,Debit
2424,Debit
2593,Debit
2997,Debit
3012,Credit
3183,Credit
4791,Debit
5126,Debit
5189,Debit
5195,Credit
5278,Debit
5508,Debit (Prepaid)
5518,Debit
5920,Debit
5924,Debit (Prepaid)
5978,Debit
86,Debit
128,Credit
607,Debit
1055,Debit
1090,Debit
1252,Debit (Prepaid)
1895,Debit
2087,Debit
2141,Debit
2230,Debit
2475,Debit (Prepaid)
3034,Debit
3051,Credit
3263,Debit
3356,Credit
3380,Debit
3397,Credit
3415,Debit
3433,Debit
3545,Debit
4090,Credit
4227,Debit
4331,Credit
4995,Debit
5590,Debit
5741,Debit
5846,Credit
5916,Debit
5948,Credit
74,Credit
166,Credit
218,Debit
280,Credit
418,Debit
475,Debit
554,Debit
647,Debit
1198,Debit
1207,Debit (Prepaid)
1392,Debit
1463,Debit
1488,Debit
1647,Debit
2012,Debit
2096,Debit (Prepaid)
2364,Debit
2666,Credit
2718,Credit
2847,Debit
2963,Credit
3357,Debit
3470,Debit
3707,Credit
3714,Debit (Prepaid)
3724,Debit
3803,Debit
3987,Debit
4089,Credit
4499,Credit
4509,Credit
4513,Credit
4554,Debit
4590,Credit
4832,Debit
5250,Credit
5300,Credit
5544,Debit
5558,Credit
5679,Debit (Prepaid)
5999,Debit
6104,Debit
6119,Debit
82,Credit
141,Debit
203,Credit
1448,Credit
1511,Debit
2259,Credit
2592,Credit
2859,Debit
3085,Credit
3208,Credit
3517,Debit (Prepaid)
3824,Debit
3862,Credit
4027,Debit
4043,Debit (Prepaid)
4193,Debit
4340,Debit
4360,Debit
4442,Debit
4545,Credit
4921,Credit
5168,Debit
5318,Debit
5624,Credit
5780,Credit
158,Debit (Prepaid)
272,Credit
445,Debit
457,Debit
1071,Debit (Prepaid)
1286,Debit
1364,Credit
1489,Debit
1849,Credit
1998,Credit
2128,Debit
2352,Credit
2449,Debit
2658,Debit
2818,Credit
2937,Debit
2974,Credit
3179,Debit
3668,Credit
3840,Debit
3966,Debit
4244,Debit (Prepaid)
4571,Debit
4780,Debit
4782,Debit
5228,Debit (Prepaid)
5822,Credit
5865,Credit
109,Credit
172,Credit
390,Debit (Prepaid)
395,Debit (Prepaid)
456,Credit
575,Credit
807,Debit
1043,Credit
1406,Debit
1679,Credit
1951,Debit
2026,Credit
2123,Credit
2391,Debit
2639,Debit
2772,Debit
3374,Debit
3389,Debit
3569,Debit
3742,Debit
3775,Debit
4512,Debit
4716,Credit
4793,Credit
4838,Credit
4900,Debit
5105,Debit
5203,Credit
5379,Debit
5491,Debit
6120,Credit
137,Debit
307,Debit
505,Debit
617,Credit
628,Credit
812,Credit
832,Debit
1085,Debit
1176,Debit
1196,Credit
1247,Debit
1673,Credit
1697,Credit
1948,Debit
2013,Debit
2495,Debit
2523,Debit
2672,Debit
2807,Debit
2996,Debit
3046,Debit
3118,Debit
3122,Debit
3134,Debit
3170,Credit
3358,Credit
3434,Debit
3576,Credit
3594,Debit (Prepaid)
3638,Debit
3699,Debit
3730,Debit
3754,Credit
3788,Credit
4075,Debit
4189,Debit
4264,Debit (Prepaid)
4507,Debit
4701,Credit
5037,Debit
5071,Debit
5196,Credit
5240,Credit
5248,Debit
5285,Debit
5391,Debit
5420,Debit
5482,Credit
5646,Debit
5800,Credit
5866,Debit
5871,Debit
5990,Debit
6045,Credit
796,Debit
998,Debit
1346,Debit
2552,Debit
2601,Debit
3250,Debit
3355,Debit
3392,Debit
3427,Debit
3555,Debit
4288,Credit
5283,Debit
5664,Debit
6072,Debit (Prepaid)
240,Credit
312,Debit
576,Credit
872,Debit
1423,Debit
1607,Credit
2050,Debit
2177,Debit
2247,Debit
2303,Debit
2318,Credit
3049,Credit
3360,Debit
3476,Debit
3521,Credit
3734,Debit
3773,Debit (Prepaid)
3865,Credit
4040,Credit
4232,Credit
4294,Debit
4589,Debit
4735,Credit
4890,Debit
5013,Debit
5139,Debit
5142,Debit (Prepaid)
5214,Credit
5418,Debit
5572,Credit
5874,Credit
5987,Debit
80,Debit
364,Credit
485,Debit
510,Credit
517,Debit
654,Debit
673,Debit
703,Debit (Prepaid)
1773,Debit
1811,Debit
2157,Debit (Prepaid)
2220,Debit (Prepaid)
2874,Debit
3585,Debit
3741,Credit
3782,Debit
3880,Debit (Prepaid)
4010,Debit
4195,Debit
4687,Debit
4971,Debit
5006,Debit
5036,Debit
5193,Debit
5424,Debit
5441,Debit
5497,Debit
5611,Debit
5668,Debit (Prepaid)
5728,Credit
5852,Credit
37,Debit
649,Credit
1407,Debit
1752,Credit
1782,Debit
1783,Debit (Prepaid)
1786,Debit
2025,Debit
2125,Debit (Prepaid)
2309,Debit
2401,Debit
2710,Debit
2813,Debit
2869,Debit
2886,Debit
3110,Debit
3152,Debit
3359,Credit
3508,Credit
3712,Debit
4365,Credit
4547,Debit
4938,Credit
4948,Debit
5038,Debit
5268,Credit
5433,Debit (Prepaid)
5576,Debit
5698,Credit
5979,Debit
369,Debit
546,Credit
552,Credit
823,Debit
881,Debit
947,Debit
1172,Debit
1186,Debit (Prepaid)
1333,Debit
1620,Credit
1705,Debit
1732,Credit
1758,Debit
1859,Credit
2571,Debit
2603,Credit
2934,Credit
3060,Debit
3330,Debit
3445,Credit
3524,Credit
4012,Credit
4236,Debit (Prepaid)
4335,Credit
4453,Debit (Prepaid)
4478,Credit
4660,Credit
4693,Credit
4956,Debit
5015,Debit
5053,Debit (Prepaid)
5453,Credit
5666,Debit
5936,Debit
13,Debit
340,Debit
428,Credit
536,Credit
544,Credit
1059,Debit
1293,Debit
1755,Credit
1768,Debit (Prepaid)
1800,Credit
1909,Credit
1947,Credit
2638,Debit
2988,Debit
3173,Debit (Prepaid)
3313,Debit (Prepaid)
3384,Credit
3562,Debit
3647,Debit
4132,Debit
4200,Debit (Prepaid)
4582,Debit
4667,Debit
4688,Debit
4730,Debit
5340,Debit
5368,Debit
5816,Debit
5828,Credit
104,Credit
238,Debit
549,Debit
862,Debit (Prepaid)
914,Debit
1190,Debit
1292,Credit
1327,Credit
1530,Credit
1565,Debit
1933,Debit
2127,Debit
2536,Debit
2564,Debit
3030,Debit
3125,Credit
3221,Debit
3290,Debit
3339,Credit
3365,Credit
3373,Debit
3823,Debit
4097,Debit
4169,Debit
4207,Credit
4598,Credit
4957,Credit
5350,Debit
5989,Debit
6029,Credit
228,Credit
283,Debit
651,Debit
1202,Debit
1357,Debit
1550,Debit
1608,Credit
1678,Credit
2048,Debit
2056,Credit
2423,Credit
2716,Debit
3099,Debit
3454,Credit
4785,Debit
4983,Debit (Prepaid)
5294,Debit
5602,Credit
5605,Debit (Prepaid)
5665,Debit
6139,Debit
105,Debit (Prepaid)
108,Debit
217,Credit
252,Credit
786,Debit
1977,Debit
2007,Debit
2042,Credit
2257,Debit
2652,Debit
2994,Debit
3519,Credit
4053,Credit
4275,Credit
4282,Debit (Prepaid)
4455,Debit (Prepaid)
4866,Credit
5288,Debit
5367,Debit (Prepaid)
5413,Debit
5513,Debit
165,Debit
190,Debit
677,Credit
756,Credit
1646,Debit
1661,Credit
1738,Credit
1746,Credit
1853,Debit
2004,Credit
2065,Debit
2107,Debit
2116,Credit
2586,Debit
2854,Credit
3266,Credit
3331,Debit
3580,Credit
3634,Debit
3932,Debit
4109,Credit
4428,Credit
4555,Credit
4602,Credit
4636,Debit
4788,Credit
4819,Debit
4836,Debit
5220,Debit (Prepaid)
5776,Debit
6067,Debit
163,Debit
335,Debit
443,Debit
801,Credit
810,Debit
1322,Debit
1557,Debit
1899,Debit
1990,Debit
1991,Debit
2034,Credit
2527,Credit
2743,Credit
3362,Debit
3626,Debit
3876,Debit
3984,Debit
4003,Debit
4145,Credit
4158,Credit
4220,Debit
4233,Debit
4474,Debit
4588,Debit
4750,Debit (Prepaid)
4773,Credit
5364,Debit
5530,Debit
5760,Debit
5818,Debit
8,Debit (Prepaid)
31,Debit
160,Debit
757,Debit (Prepaid)
961,Debit
1060,Debit
1478,Credit
1510,Credit
1522,Debit
1658,Credit
1901,Credit
2060,Debit
2186,Debit
2315,Debit
2428,Debit
2441,Credit
2566,Debit
2764,Credit
2846,Debit
3004,Debit
3071,Credit
3103,Debit
3903,Debit
4242,Debit
4295,Credit
4896,Debit
5237,Debit
5348,Credit
5779,Debit (Prepaid)
5853,Credit
9,Debit (Prepaid)
140,Debit
200,Debit
266,Debit
313,Credit
320,Debit
352,Debit
713,Credit
860,Credit
1199,Debit
1266,Credit
1309,Debit
1445,Debit
1659,Debit
1765,Debit (Prepaid)
1996,Credit
2153,Credit
2206,Debit
2286,Debit (Prepaid)
2509,Debit
2589,Debit
2684,Debit (Prepaid)
2858,Debit
3304,Debit
3364,Debit
3985,Credit
4416,Credit
4471,Debit
4522,Credit
4686,Credit
4910,Debit (Prepaid)
4928,Debit
5033,Debit
5147,Debit
5430,Debit (Prepaid)
5450,Debit
5777,Credit
6000,Debit
76,Credit
126,Debit
279,Debit
365,Debit
561,Debit
839,Credit
883,Debit
1267,Debit
1379,Credit
1879,Debit
2373,Debit
2616,Debit
2650,Debit
2654,Debit
2787,Debit
3015,Debit
3223,Debit (Prepaid)
3467,Credit
3538,Debit
3779,Debit
3780,Debit
3859,Debit
4133,Credit
4318,Debit
4759,Debit
4829,Debit
4881,Credit
4919,Credit
5043,Debit
5270,Credit
5343,Debit
5452,Debit
5771,Debit
5889,Debit
15,Credit
633,Debit
731,Debit
864,Debit (Prepaid)
880,Debit
1107,Debit
1294,Credit
1467,Debit
1475,Credit
1537,Debit
1566,Debit
1745,Debit (Prepaid)
1791,Debit (Prepaid)
1963,Debit
1979,Debit
2046,Debit
2124,Credit
2371,Credit
2513,Credit
2761,Debit
2977,Debit
3057,Debit
3175,Credit
3443,Credit
3639,Debit
3997,Debit
4159,Debit
4376,Credit
4379,Debit
4798,Debit
4914,Credit
4949,Debit
5254,Credit
5323,Credit
5345,Debit (Prepaid)
5351,Debit
5384,Debit
5764,Debit
6077,Credit
52,Credit
139,Credit
146,Debit
170,Debit
210,Credit
645,Credit
855,Debit (Prepaid)
896,Credit
960,Debit
1091,Debit
1165,Credit
1183,Debit
1271,Debit
1380,Debit
1764,Debit
1922,Debit
1980,Debit
2071,Debit
2350,Debit
2662,Debit
2959,Credit
3041,Debit
3596,Credit
3957,Debit
3965,Credit
4223,Debit
4454,Debit
4714,Credit
4754,Debit
5233,Debit (Prepaid)
5419,Credit
5561,Credit
5669,Debit
6059,Debit (Prepaid)
269,Debit
285,Debit
322,Debit
480,Debit
548,Debit
611,Credit
698,Debit
715,Debit
886,Credit
971,Debit
1036,Debit
1099,Debit
1153,Credit
1255,Debit
1729,Debit
1926,Debit
2078,Debit
2234,Debit
2326,Credit
2458,Debit
2471,Debit
2633,Credit
3091,Debit
3098,Debit
3416,Debit
3495,Credit
3763,Debit
3787,Debit
3878,Debit (Prepaid)
3955,Debit
4129,Debit
4722,Credit
4925,Credit
5102,Debit
5156,Debit (Prepaid)
5363,Debit
5432,Credit
5609,Credit
5670,Credit
5717,Credit
116,Debit (Prepaid)
189,Debit
235,Credit
420,Credit
450,Credit
532,Credit
540,Debit
555,Credit
582,Debit
903,Debit
1009,Debit (Prepaid)
1249,Debit
1395,Debit
1490,Debit (Prepaid)
1817,Credit
1958,Debit
2118,Debit
2320,Credit
2413,Debit
2459,Credit
2833,Credit
2853,Debit
3053,Debit
3153,Debit
3217,Credit
3248,Credit
3738,Debit
3758,Credit
3804,Debit
4305,Credit
4346,Credit
4538,Debit
4542,Credit
4779,Debit
4906,Debit
5091,Credit
5162,Credit
5734,Debit
5877,Debit
6135,Credit
7,Debit
55,Debit
734,Debit (Prepaid)
776,Debit
979,Debit
1371,Debit
1843,Credit
2217,Debit
2279,Debit
2324,Credit
2578,Debit
2730,Debit
2742,Credit
2976,Debit
3469,Debit (Prepaid)
3506,Debit (Prepaid)
3841,Debit
4299,Debit
4347,Debit
4402,Credit
4689,Debit
4799,Debit
5757,Credit
6070,Debit
112,Debit
282,Debit
326,Credit
681,Debit
697,Credit
952,Debit
1021,Credit
1181,Debit
1436,Credit
1610,Credit
1688,Debit
1945,Debit (Prepaid)
1994,Credit
2130,Debit (Prepaid)
2460,Credit
2557,Credit
2646,Debit
2683,Credit
2852,Debit (Prepaid)
3447,Debit
3494,Debit
3603,Debit
4062,Debit
4231,Debit
4301,Debit
4611,Debit (Prepaid)
4755,Credit
4871,Debit
4988,Debit (Prepaid)
5154,Credit
5263,Debit
5662,Debit
5701,Credit
6050,Credit
6073,Debit
6145,Credit
1,Debit
38,Debit
405,Debit
478,Credit
719,Debit (Prepaid)
859,Credit
924,Debit
1432,Debit
1622,Debit
1742,Debit
1751,Debit (Prepaid)
1814,Debit
1870,Debit
2063,Credit
2505,Debit
2778,Debit
3207,Credit
3277,Debit
3451,Debit
4049,Credit
4414,Debit
4430,Debit
4899,Debit
4959,Credit
5042,Debit
5073,Debit
5381,Credit
5407,Debit
5412,Credit
5458,Credit
5490,Debit
5499,Credit
5907,Credit
6107,Debit
100,Debit (Prepaid)
122,Debit (Prepaid)
138,Credit
284,Debit
300,Debit
373,Debit
444,Credit
525,Credit
753,Debit
764,Debit
771,Debit
915,Debit (Prepaid)
1102,Debit (Prepaid)
1520,Debit
1869,Debit
1889,Debit (Prepaid)
1932,Debit
2425,Credit
2532,Debit
2561,Credit
2663,Debit
2924,Debit
3632,Debit
3762,Debit
3910,Credit
4030,Credit
4080,Debit
4284,Debit
4317,Credit
4325,Debit
4418,Debit
4578,Debit (Prepaid)
5088,Debit
5253,Debit
5306,Debit
5389,Debit
5494,Debit
5626,Credit
5635,Debit
5898,Debit
85,Debit
356,Debit
385,Debit (Prepaid)
524,Debit
535,Debit
664,Credit
825,Credit
1042,Credit
1219,Debit
1248,Debit
1251,Credit
1295,Debit
1386,Debit
1389,Debit
1482,Credit
1634,Credit
1734,Debit
1781,Credit
2069,Debit
2140,Debit
2534,Credit
2572,Credit
3017,Debit
3171,Debit (Prepaid)
3404,Debit
3622,Credit
3936,Credit
3982,Debit (Prepaid)
4079,Debit
4246,Debit
4637,Credit
4695,Debit
4807,Debit
4955,Debit
5272,Debit
5498,Credit
5600,Debit (Prepaid)
5640,Debit
5692,Debit
5867,Debit
135,Debit
489,Credit
513,Credit
743,Debit
1612,Credit
1694,Credit
2155,Debit
2194,Debit
2205,Credit
2394,Debit
2496,Debit
2746,Debit
3202,Debit
3556,Credit
3582,Debit
3716,Credit
3808,Credit
3877,Debit (Prepaid)
3930,Credit
4130,Debit
4577,Debit
4620,Debit
4870,Credit
4916,Debit
5135,Credit
5221,Debit
5243,Debit
5249,Credit
5470,Credit
5710,Debit
5730,Credit
5925,Debit
56,Debit
379,Credit
534,Debit
781,Credit
1341,Credit
1737,Credit
1767,Debit
2106,Debit (Prepaid)
2305,Credit
2411,Debit
2440,Debit
2442,Debit
2468,Credit
2801,Credit
2848,Credit
2890,Credit
3160,Debit
3488,Debit
3490,Debit
3631,Debit
3800,Debit (Prepaid)
3850,Credit
4516,Debit
4855,Debit
4933,Debit
5169,Credit
5197,Debit
5653,Credit
5960,Debit
5985,Debit
6052,Debit
361,Credit
492,Debit
620,Debit
1331,Debit
1723,Debit
2032,Debit
2271,Debit
2584,Debit
2696,Debit
3162,Debit
3198,Debit (Prepaid)
3286,Debit (Prepaid)
3418,Debit
3426,Credit
3518,Credit
3532,Credit
3590,Credit
3662,Debit
3728,Debit
3790,Credit
3906,Debit
4219,Debit
4359,Debit
4518,Credit
4531,Credit
4635,Debit
4672,Debit (Prepaid)
4728,Debit
4781,Debit
5010,Credit
5213,Debit
5256,Debit
5307,Credit
5962,Debit
5991,Debit
6143,Credit
39,Credit
325,Credit
919,Debit
1305,Credit
1352,Debit (Prepaid)
2554,Debit
2642,Credit
2709,Debit
3090,Debit
3119,Debit (Prepaid)
3121,Credit
3309,Credit
3654,Debit
3657,Debit
4034,Debit
4114,Debit
4591,Debit (Prepaid)
4760,Debit
4904,Debit (Prepaid)
5048,Credit
5113,Debit
5133,Credit
5411,Debit
5744,Credit
5870,Debit
400,Debit
985,Debit
1046,Debit
1353,Debit
1796,Debit (Prepaid)
1842,Debit
1940,Debit
1959,Credit
1969,Debit
1989,Debit
2225,Credit
2236,Debit
2406,Credit
2671,Debit
2723,Debit
2916,Debit
2956,Credit
3097,Debit
3246,Debit
3405,Debit
3406,Debit
3425,Debit
3547,Credit
3949,Debit
3992,Credit
4068,Debit
4164,Debit (Prepaid)
4310,Debit
4338,Debit
4607,Debit
4650,Debit
4656,Credit
5310,Debit
5372,Debit
5416,Credit
5699,Debit
5795,Debit
5929,Credit
3,Credit
255,Debit
499,Credit
927,Credit
1027,Credit
1521,Debit
2409,Debit
2576,Credit
2825,Credit
2993,Debit
3643,Debit
3689,Credit
3717,Debit
4292,Debit (Prepaid)
4694,Debit
4749,Credit
5257,Credit
773,Debit
789,Debit
794,Debit
1156,Credit
1290,Credit
1431,Debit
1498,Debit
1552,Credit
1717,Credit
2005,Debit (Prepaid)
2080,Debit
2114,Credit
2121,Debit
2196,Debit
2228,Debit
2355,Credit
2493,Debit
2508,Credit
3112,Debit
3265,Credit
3417,Credit
3597,Debit
3602,Debit
3755,Debit
4257,Debit
4496,Debit
5531,Credit
5694,Debit
5858,Debit
5942,Credit
6094,Credit
94,Credit
211,Debit
471,Credit
741,Credit
992,Debit (Prepaid)
1013,Debit
1318,Debit (Prepaid)
1571,Debit
1680,Debit
1855,Debit
2059,Debit
2108,Credit
2462,Credit
2845,Debit
3100,Debit
3256,Credit
3287,Debit (Prepaid)
3805,Debit (Prepaid)
3854,Debit
4038,Credit
4394,Debit
4691,Debit
4942,Credit
5081,Debit
5199,Debit
5296,Credit
5417,Debit
5836,Credit
224,Credit
375,Debit (Prepaid)
624,Credit
754,Debit
780,Debit
844,Debit
963,Debit (Prepaid)
974,Credit
1063,Debit
1250,Debit
1477,Debit
1716,Debit
1876,Debit (Prepaid)
2435,Debit
2447,Debit
2653,Debit
2946,Debit
3117,Debit
3307,Credit
3460,Credit
3462,Debit (Prepaid)
3485,Credit
3746,Credit
4307,Credit
4375,Credit
4608,Debit
4856,Debit
5077,Credit
5084,Credit
5127,Credit
5428,Debit
5506,Credit
5632,Debit
271,Credit
297,Debit
414,Debit (Prepaid)
579,Credit
610,Debit (Prepaid)
763,Credit
877,Debit (Prepaid)
946,Credit
1126,Debit
1928,Debit
2129,Credit
2242,Debit
2491,Debit
2542,Credit
2877,Debit
2892,Debit
2957,Credit
3021,Credit
3048,Debit
3268,Credit
3298,Debit
3669,Credit
3688,Debit
3745,Debit
4082,Debit
4277,Debit (Prepaid)
4797,Debit
4895,Debit
5314,Credit
6043,Debit
6074,Debit (Prepaid)
232,Debit
324,Credit
550,Debit
665,Debit
778,Debit
925,Credit
984,Credit
1279,Debit
1351,Debit
1469,Debit
1677,Credit
1704,Debit
1754,Debit
2136,Debit
2223,Debit (Prepaid)
2250,Debit
2301,Debit
2346,Debit
2387,Debit (Prepaid)
2464,Debit (Prepaid)
2465,Credit
2546,Debit
2817,Debit
2868,Debit
3096,Credit
3228,Debit
3237,Credit
3243,Credit
3328,Debit
3511,Credit
3549,Debit
3786,Debit
3813,Credit
4181,Debit
4255,Debit
4458,Debit
4585,Debit
4898,Debit
4946,Credit
4968,Credit
4996,Credit
5136,Credit
5483,Credit
5563,Debit (Prepaid)
5762,Debit
5998,Debit
23,Debit
566,Debit (Prepaid)
889,Debit
957,Debit
1062,Debit
1185,Debit (Prepaid)
1215,Debit
1435,Credit
1799,Credit
2103,Debit (Prepaid)
2115,Debit
2145,Credit
2323,Credit
2674,Debit
3172,Debit
3501,Credit
3605,Debit (Prepaid)
3781,Debit
3940,Debit
4087,Debit (Prepaid)
4100,Debit
4224,Credit
4438,Debit (Prepaid)
5003,Credit
5109,Debit
5409,Debit
5840,Debit
5994,Credit
6051,Debit
6141,Credit
774,Debit (Prepaid)
894,Credit
1037,Credit
1223,Debit
1321,Credit
1437,Debit (Prepaid)
2019,Debit
2029,Debit
2264,Debit
2313,Credit
2348,Credit
2623,Credit
3322,Debit
3523,Debit
3557,Debit
3601,Credit
3704,Credit
4048,Credit
4063,Credit
4156,Credit
4445,Debit
4533,Credit
4690,Debit
4867,Debit
4997,Credit
5018,Debit
5375,Credit
5431,Credit
5693,Debit
6113,Debit
462,Credit
497,Debit (Prepaid)
605,Debit
953,Debit
1304,Debit
1576,Credit
1631,Debit
1664,Debit
1902,Debit
2039,Debit
2105,Debit
2643,Debit
3581,Credit
3795,Debit
4434,Debit
4463,Credit
4673,Debit
4770,Credit
5266,Debit
5718,Credit
6035,Debit
6071,Debit
103,Debit
308,Debit (Prepaid)
376,Debit
644,Credit
730,Credit
1378,Credit
1856,Debit
1992,Debit
2229,Credit
2246,Debit
2737,Credit
2964,Debit
3113,Debit
3146,Debit
3235,Debit
3455,Debit
3924,Debit
3944,Debit
4092,Credit
4205,Credit
4314,Credit
4472,Credit
4644,Credit
4774,Debit
4937,Debit (Prepaid)
5394,Debit
5479,Credit
5593,Debit (Prepaid)
5618,Debit
1084,Debit
1640,Debit
2410,Credit
2414,Debit
2524,Credit
2598,Credit
2625,Credit
2844,Debit
2950,Credit
2985,Credit
3370,Credit
3648,Debit
3679,Debit
3683,Debit
3820,Credit
3962,Debit
4285,Credit
4804,Credit
4932,Debit
4998,Debit
5114,Debit
5239,Debit
5265,Debit (Prepaid)
5512,Credit
5720,Debit
5824,Debit
6087,Credit
6116,Debit
60,Debit (Prepaid)
66,Credit
539,Credit
728,Credit
884,Debit
906,Debit (Prepaid)
1014,Debit
1016,Debit
1052,Debit
1220,Debit
1405,Credit
1633,Debit
1701,Credit
1884,Debit
2251,Debit
2535,Debit (Prepaid)
2622,Credit
2767,Debit
2798,Debit
3731,Debit
3756,Credit
3811,Debit (Prepaid)
3817,Debit
3882,Debit
4179,Credit
4211,Debit
4775,Debit
4908,Credit
5772,Credit
75,Debit
231,Debit
259,Credit
343,Credit
663,Credit
689,Debit (Prepaid)
939,Debit
1050,Debit (Prepaid)
1074,Debit
1100,Debit
1189,Debit
1370,Credit
1442,Debit
1479,Credit
1625,Debit
1794,Debit
2369,Credit
3566,Debit
4111,Debit
4311,Credit
4361,Debit
4805,Credit
5205,Credit
5208,Credit
5522,Debit
5560,Debit
5787,Credit
5917,Debit
6015,Debit
6115,Debit
6126,Debit (Prepaid)
25,Debit
78,Debit
239,Debit
432,Debit (Prepaid)
1136,Credit
1465,Debit
1583,Credit
1662,Debit
1854,Credit
2099,Debit (Prepaid)
2212,Debit
2351,Credit
2353,Debit
2437,Debit
2492,Debit
2519,Debit
2788,Debit
2830,Debit
2884,Debit
2951,Debit
3159,Debit
3645,Debit
3652,Debit
4116,Debit
4541,Credit
5347,Debit
5642,Debit
5674,Credit
6020,Debit (Prepaid)
6105,Credit
155,Debit
156,Debit
354,Debit (Prepaid)
487,Credit
551,Debit
716,Credit
729,Debit
847,Debit
1303,Debit
1373,Debit
1453,Debit
1454,Debit (Prepaid)
1722,Debit
1806,Debit
1943,Debit
2270,Credit
2284,Debit
2291,Debit
2344,Debit
2701,Debit
3102,Debit
3116,Credit
3190,Credit
3431,Credit
3560,Debit
4047,Debit
4058,Debit (Prepaid)
4147,Credit
4625,Debit
4670,Debit
4681,Debit (Prepaid)
4715,Credit
4825,Debit
4875,Debit (Prepaid)
4926,Debit
5164,Debit
5198,Debit
5219,Debit
5436,Credit
5943,Credit
6046,Debit (Prepaid)
125,Debit
416,Credit
866,Credit
1258,Debit
1862,Debit
1925,Credit
2017,Debit (Prepaid)
2783,Debit
2841,Credit
3262,Credit
3375,Debit
4013,Debit
4270,Credit
4796,Debit
4887,Debit
5509,Debit
6054,Debit
314,Debit
327,Credit
425,Debit
735,Debit
1155,Debit
1486,Credit
1650,Credit
2169,Debit
2595,Credit
2736,Debit
2820,Credit
2863,Debit (Prepaid)
2870,Debit (Prepaid)
3089,Debit
3885,Debit
3993,Credit
4550,Debit
4566,Credit
4712,Debit
4756,Debit
4811,Credit
5252,Debit
5707,Debit
5726,Credit
5821,Debit
5838,Credit
5863,Debit
4,Debit (Prepaid)
129,Credit
318,Debit (Prepaid)
504,Debit
653,Credit
671,Credit
769,Credit
826,Debit
878,Debit
907,Debit
945,Credit
969,Debit
1025,Credit
1728,Debit
2077,Debit (Prepaid)
2085,Debit
2365,Credit
2637,Debit
2644,Debit
2958,Debit
3181,Debit
3280,Debit
3833,Debit
4362,Debit
4449,Debit
4456,Credit
4950,Debit
4954,Debit
5001,Credit
5020,Credit
5369,Debit
5550,Debit (Prepaid)
20,Credit
32,Debit
360,Debit
509,Credit
766,Debit
811,Debit (Prepaid)
1827,Credit
1837,Debit (Prepaid)
2131,Credit
2340,Debit
2478,Debit
2511,Debit (Prepaid)
2725,Debit
3016,Debit
3075,Debit
3226,Debit
3981,Debit
3996,Credit
4197,Debit
4258,Debit
4468,Debit
4553,Debit
4827,Debit (Prepaid)
5251,Credit
5671,Debit
5676,Credit
5801,Debit
5949,Debit
6047,Debit
6125,Debit
286,Credit
409,Credit
451,Credit
784,Credit
1343,Debit
1495,Debit
1718,Credit
1887,Debit
1888,Debit
1896,Credit
2161,Debit
2659,Debit
2702,Credit
2895,Credit
2908,Debit
3231,Debit
3306,Debit (Prepaid)
3471,Debit
3535,Debit
3644,Debit
3678,Debit
3857,Debit
4022,Debit
4237,Debit
4888,Debit
5032,Debit
5225,Debit
5319,Debit (Prepaid)
5462,Credit
5731,Debit (Prepaid)
6017,Debit
6032,Credit
6132,Debit
153,Debit
215,Debit
650,Debit
843,Debit
988,Debit
1191,Debit
1216,Debit
1270,Credit
1420,Debit
1589,Debit
1848,Credit
1898,Debit (Prepaid)
1913,Credit
2038,Debit
2093,Credit
2142,Debit
2215,Debit (Prepaid)
2226,Debit
2530,Debit
2540,Credit
2697,Debit (Prepaid)
2759,Debit
2808,Credit
2986,Debit (Prepaid)
2991,Debit
3092,Debit
3242,Credit
3302,Credit
3748,Credit
3931,Debit
3937,Credit
3995,Debit
4202,Debit
4569,Credit
4612,Debit
5021,Credit
5153,Debit
5192,Debit
5361,Debit
54,Debit
115,Debit
152,Debit
483,Debit
921,Credit
1092,Credit
1147,Debit (Prepaid)
1654,Debit
2072,Credit
2227,Debit
2281,Debit
2377,Credit
2434,Debit (Prepaid)
2585,Debit
2878,Debit
2917,Credit
3062,Debit
3832,Debit
4122,Debit
4280,Debit (Prepaid)
4397,Debit
4475,Debit (Prepaid)
4627,Debit
4808,Debit
5055,Debit
5118,Credit
5157,Debit
5238,Debit
5302,Debit (Prepaid)
5507,Credit
5536,Credit
5552,Credit
5604,Credit
1121,Debit
1421,Credit
1668,Debit
1777,Credit
1839,Debit
1875,Credit
2152,Debit
2304,Debit
2692,Debit
3073,Debit
3332,Debit (Prepaid)
3333,Debit
3378,Debit
3568,Debit
3577,Debit
3620,Debit
3630,Debit
3970,Debit (Prepaid)
4260,Credit
4645,Debit (Prepaid)
4816,Debit
4869,Debit
4982,Debit
5034,Credit
5421,Debit
5615,Credit
5742,Credit
5857,Debit
5880,Debit
6092,Debit
824,Debit
970,Debit
1404,Debit
1449,Debit (Prepaid)
1539,Debit
1681,Credit
1744,Debit
1753,Debit
1917,Debit
2385,Debit
2466,Debit
2539,Debit
2771,Credit
2932,Credit
3342,Debit
3658,Debit
3884,Debit
4009,Debit
4042,Credit
4093,Credit
4267,Credit
4323,Credit
4476,Credit
4922,Debit
5173,Debit
5247,Credit
5504,Debit
5613,Debit
5908,Debit
5945,Debit
6076,Debit
14,Debit
193,Debit
268,Credit
345,Debit (Prepaid)
347,Debit
359,Debit
670,Credit
772,Debit
833,Credit
1087,Debit
1098,Debit
1226,Debit (Prepaid)
1308,Debit
1361,Debit
1587,Debit
1645,Debit
1850,Debit (Prepaid)
1868,Debit (Prepaid)
1931,Debit
2640,Debit (Prepaid)
2864,Debit (Prepaid)
2943,Credit
3079,Debit
3401,Debit
3459,Debit
3677,Credit
3789,Debit
4078,Credit
4411,Debit
4540,Debit
4703,Debit
4751,Credit
4830,Debit
4975,Debit
5008,Debit
5274,Debit (Prepaid)
5451,Debit
5463,Debit
600,Debit
726,Debit
990,Debit
1070,Debit
1188,Credit
1456,Debit
1749,Debit
1863,Debit
2083,Credit
2134,Debit
2300,Debit (Prepaid)
2599,Credit
2619,Credit
2686,Debit (Prepaid)
3391,Debit
3440,Credit
3928,Credit
4008,Debit
4222,Credit
4390,Debit
4429,Credit
4481,Credit
4614,Debit
4713,Credit
5076,Credit
5078,Debit
5356,Debit
5485,Debit
5878,Debit
5919,Debit
142,Debit
169,Credit
472,Debit
511,Debit
750,Debit
1048,Debit
1139,Debit
1315,Debit
1324,Debit
1682,Credit
1808,Credit
2170,Debit
2367,Debit
2395,Debit
2510,Debit
2611,Credit
2777,Debit
2883,Debit
2914,Debit (Prepaid)
3166,Debit
3701,Debit
3943,Debit
3959,Debit
4039,Credit
4095,Debit
4101,Debit
4144,Debit
4192,Credit
4256,Debit
4491,Debit
4665,Credit
5476,Debit
5496,Credit
5638,Credit
5862,Debit
6062,Debit
6106,Debit
222,Debit
241,Debit
262,Debit
296,Debit
482,Debit
588,Credit
733,Credit
995,Credit
1094,Debit
1131,Debit
1179,Debit (Prepaid)
1301,Debit
1365,Debit
1383,Debit
1574,Credit
1623,Debit
1983,Credit
2345,Debit
2551,Debit (Prepaid)
2828,Credit
2842,Credit
3007,Debit
3043,Debit
3438,Debit (Prepaid)
3509,Debit
3664,Debit
3925,Debit (Prepaid)
4096,Credit
4184,Debit
4403,Credit
4459,Credit
4702,Debit
4705,Debit
4814,Debit
4891,Credit
5086,Credit
5121,Debit
5537,Credit
5715,Credit
5797,Credit
5825,Debit
6140,Debit
209,Debit
253,Debit
333,Debit
520,Debit
527,Debit
573,Debit (Prepaid)
641,Credit
709,Debit
819,Debit
1413,Credit
1971,Credit
1993,Credit
2312,Debit
2392,Credit
2543,Credit
2660,Debit
2768,Debit
2826,Debit
3308,Debit (Prepaid)
3436,Debit
3530,Debit
3544,Debit
3573,Credit
3667,Debit
3702,Debit
3798,Debit (Prepaid)
3934,Debit (Prepaid)
3988,Credit
4023,Debit (Prepaid)
4146,Debit
4272,Credit
4286,Debit
4758,Credit
4992,Debit
5176,Debit
5286,Debit
391,Credit
583,Debit
696,Credit
759,Credit
1079,Credit
1201,Debit
1238,Debit
1339,Debit (Prepaid)
1759,Debit
2000,Debit
2051,Credit
2430,Debit
2968,Credit
3022,Debit
3144,Debit
3692,Debit
3695,Credit
4104,Debit
4343,Debit
4806,Credit
5166,Debit
5206,Debit
5706,Credit
5855,Debit
6024,Debit (Prepaid)
230,Credit
622,Debit
751,Debit
1072,Debit (Prepaid)
2191,Credit
2354,Credit
2368,Debit
2448,Credit
2452,Debit
2733,Debit
2750,Debit
2758,Credit
2990,Debit
3095,Debit
3783,Debit
4066,Debit
4283,Debit (Prepaid)
4718,Debit
4911,Credit
4936,Debit
5879,Debit (Prepaid)
208,Debit
842,Debit
1134,Debit
1325,Debit
1336,Debit
1916,Debit
2003,Debit
2528,Debit
2802,Debit
2920,Debit
3093,Debit
3400,Credit
3726,Credit
3853,Debit
4031,Debit
4139,Debit
4600,Debit (Prepaid)
4985,Credit
5085,Credit
5232,Credit
5387,Debit
5784,Debit
6078,Debit
27,Debit
557,Credit
629,Debit
717,Credit
1081,Debit
1524,Debit
1534,Debit
1621,Credit
1707,Debit (Prepaid)
1936,Debit
2036,Debit
2189,Credit
2489,Debit
2866,Credit
3115,Debit (Prepaid)
3127,Credit
3711,Credit
3901,Debit
4071,Debit
4120,Debit
4243,Debit
4447,Debit
4580,Credit
4951,Debit
5267,Debit
5472,Debit
5704,Debit
220,Debit
542,Debit
791,Debit
834,Credit
928,Debit
940,Credit
1268,Debit
1536,Debit
1560,Debit
1652,Debit
1770,Debit
1880,Debit
1997,Credit
2028,Credit
2197,Debit (Prepaid)
2222,Debit
3002,Debit
3105,Debit (Prepaid)
3177,Debit
3477,Debit
3653,Credit
3927,Credit
3929,Debit (Prepaid)
4413,Credit
5051,Debit
5502,Credit
5652,Debit
5682,Credit
6131,Credit
90,Debit
187,Debit
438,Credit
493,Debit
805,Debit
836,Debit (Prepaid)
1008,Debit
1116,Debit
1408,Debit
1905,Credit
1912,Debit
2319,Debit
2374,Credit
2446,Debit
2570,Debit
3081,Credit
3211,Debit
3220,Debit (Prepaid)
3414,Credit
3570,Debit
3609,Debit
3646,Debit
3983,Debit
4143,Credit
4380,Credit
4740,Debit
4784,Debit
5041,Credit
5182,Credit
5636,Credit
5798,Credit
191,Credit
688,Debit
722,Credit
870,Debit (Prepaid)
1851,Debit
2011,Debit
2097,Credit
2363,Debit
2405,Credit
2504,Debit
2533,Debit
3371,Credit
3694,Debit
3777,Debit
4274,Debit
4450,Debit
4710,Debit
4733,Credit
5144,Debit
5336,Debit
5952,Credit
29,Credit
349,Debit
381,Debit (Prepaid)
490,Debit
793,Debit
873,Debit
931,Credit
1003,Debit
1093,Debit
1122,Debit
1236,Credit
1265,Credit
1444,Debit
2139,Debit
2328,Debit
2782,Debit
3029,Credit
3526,Debit
3536,Credit
3584,Debit
4461,Debit
4792,Debit
5304,Credit
5631,Debit
5677,Debit
5723,Debit
5792,Debit
5806,Debit
5883,Credit
250,Debit
496,Credit
627,Debit
693,Credit
1203,Debit
1253,Debit
1391,Credit
1439,Debit
1611,Credit
1809,Credit
1955,Debit
2075,Debit
2262,Debit (Prepaid)
2544,Debit (Prepaid)
3018,Credit
3281,Debit
3335,Debit (Prepaid)
3810,Debit
3980,Credit
4057,Debit
4138,Debit
4250,Debit
4652,Credit
4658,Debit
4696,Debit
4748,Debit
5104,Debit
5163,Debit
5179,Debit
5305,Credit
5568,Debit
5688,Debit
5804,Debit
739,Credit
1312,Debit (Prepaid)
1527,Credit
1575,Debit
2582,Credit
3038,Credit
3257,Credit
3461,Debit
3559,Debit
3567,Debit
3586,Debit (Prepaid)
3607,Debit
3797,Credit
3856,Credit
3871,Debit
3923,Credit
4046,Debit
4240,Debit
4262,Credit
4312,Debit (Prepaid)
4341,Debit (Prepaid)
4822,Credit
5503,Debit
6058,Debit
131,Debit
310,Debit
337,Debit
411,Credit
857,Debit (Prepaid)
964,Debit
968,Debit
1118,Debit
1502,Debit
1601,Debit
1731,Debit
1820,Credit
1927,Debit
2082,Debit
2171,Debit
2580,Debit
2805,Credit
2855,Debit
2882,Credit
2938,Debit
3013,Debit
3224,Debit
3249,Credit
3615,Debit (Prepaid)
3733,Debit
4204,Credit
4212,Debit (Prepaid)
4348,Debit
4556,Debit
5017,Credit
5080,Debit
5177,Credit
5333,Credit
5539,Debit
5714,Debit
24,Credit
83,Debit
177,Debit (Prepaid)
281,Debit
342,Debit
434,Debit
523,Debit
601,Credit
1019,Credit
1114,Credit
1128,Debit
1257,Debit
1506,Debit
1672,Debit
2506,Debit
2954,Credit
3305,Debit
3312,Debit
3325,Debit
3428,Debit
3708,Debit
3838,Credit
3908,Credit
3933,Credit
4085,Debit
4151,Debit
4739,Debit
5119,Debit
5335,Credit
5511,Debit
5573,Credit
5603,Debit (Prepaid)
5773,Debit (Prepaid)
363,Debit (Prepaid)
382,Debit
512,Credit
533,Debit
721,Debit (Prepaid)
1002,Debit
1038,Debit
1067,Debit
1227,Debit
1727,Debit
1793,Debit
2158,Debit (Prepaid)
2755,Credit
2876,Credit
3366,Credit
3588,Debit
3661,Debit
4214,Debit (Prepaid)
4368,Credit
4920,Debit
5152,Credit
5377,Debit
5681,Debit
5807,Credit
6068,Debit (Prepaid)
6130,Debit
43,Credit
277,Credit
374,Debit
481,Debit
598,Debit (Prepaid)
708,Debit
820,Debit
840,Credit
1004,Debit
1425,Credit
1523,Credit
1639,Debit
1921,Credit
1978,Credit
1984,Debit
2112,Debit
2216,Debit
2249,Debit
2555,Debit (Prepaid)
2558,Credit
2865,Debit
3087,Debit
3107,Credit
3255,Credit
3829,Debit
4451,Debit
4465,Debit
4469,Debit
4648,Debit
4877,Credit
4901,Debit
5425,Credit
5469,Debit
5713,Credit
6040,Debit
204,Debit
246,Debit
394,Debit
431,Debit
435,Credit
615,Credit
790,Debit
934,Credit
1051,Debit (Prepaid)
1068,Debit
1283,Debit
1564,Credit
1624,Debit
1666,Debit
1942,Credit
1975,Debit
2258,Credit
2773,Debit
3613,Debit
3778,Credit
4539,Debit
4893,Credit
5054,Debit (Prepaid)
5316,Debit
5614,Debit
5837,Debit (Prepaid)
6041,Debit (Prepaid)
676,Credit
917,Debit (Prepaid)
1075,Debit
1119,Credit
1192,Credit
1206,Debit
1317,Debit
1390,Credit
1503,Debit
2081,Debit
2122,Credit
2179,Credit
2403,Debit
2445,Debit (Prepaid)
2627,Debit
3219,Credit
3349,Credit
3441,Debit
3529,Credit
3637,Credit
3663,Debit
3843,Credit
3872,Debit
3888,Credit
4337,Debit
5061,Credit
5357,Debit
5559,Debit
5571,Credit
5583,Debit
265,Debit
484,Debit
718,Credit
749,Credit
1173,Debit
1302,Credit
1393,Credit
1803,Debit
1962,Debit
2241,Debit
2283,Debit
2299,Debit
2556,Debit
2569,Debit
2982,Credit
3028,Debit
3218,Debit
3430,Debit
3457,Credit
3592,Debit
3633,Debit
3713,Credit
4115,Debit
4356,Debit (Prepaid)
4632,Debit (Prepaid)
4839,Credit
4902,Debit
5354,Debit (Prepaid)
5437,Debit
5722,Debit
46,Debit
87,Debit (Prepaid)
447,Debit
799,Debit
1137,Debit
1143,Credit
1235,Credit
1473,Debit
1592,Debit
2253,Credit
2838,Credit
3482,Debit
4007,Credit
4157,Debit
4417,Credit
4592,Credit
5158,Debit
5565,Credit
5566,Debit (Prepaid)
5832,Debit (Prepaid)
6093,Credit
84,Debit
102,Debit
188,Credit
311,Debit
643,Debit
707,Debit
1023,Debit
1204,Debit
1515,Credit
1736,Debit
1771,Debit
2219,Debit
2243,Debit
2829,Credit
3319,Credit
3388,Credit
3393,Credit
3396,Debit
3696,Credit
3705,Debit (Prepaid)
3771,Debit
3772,Credit
3809,Debit
3911,Debit
3964,Credit
4593,Credit
4787,Debit
4979,Debit
5067,Debit
5231,Debit
5287,Credit
5365,Debit
5597,Credit
5599,Debit
5802,Debit (Prepaid)
5922,Debit (Prepaid)
16,Debit (Prepaid)
164,Debit (Prepaid)
351,Debit
413,Credit
461,Debit
646,Debit
692,Debit
788,Debit (Prepaid)
999,Debit
1398,Debit
1572,Debit
1970,Credit
2084,Debit (Prepaid)
2632,Credit
2715,Debit
3135,Debit
3154,Debit (Prepaid)
3163,Credit
3554,Debit
3822,Credit
3890,Debit
4001,Debit
4005,Debit
4477,Debit
4851,Credit
4873,Debit
4909,Debit
5072,Debit
5222,Debit
5226,Debit
5359,Credit
5457,Credit
5977,Debit
6021,Debit
97,Debit
264,Debit
386,Debit
589,Debit
1213,Debit
1296,Debit (Prepaid)
2338,Debit
2360,Debit (Prepaid)
2651,Debit
2707,Debit
3196,Debit
3720,Debit
3873,Credit
3926,Credit
4302,Debit
4562,Debit
5049,Credit
5461,Credit
5835,Credit
5842,Debit
5848,Credit
5905,Debit
5940,Debit (Prepaid)
5968,Credit
704,Debit (Prepaid)
831,Debit
895,Credit
1097,Debit
1152,Credit
1396,Debit
1570,Debit
1743,Debit
1964,Debit
2052,Debit
2073,Debit
2477,Credit
2482,Debit
2706,Credit
2734,Credit
2835,Debit (Prepaid)
3035,Debit
3084,Debit (Prepaid)
3292,Debit
3327,Debit
3649,Debit (Prepaid)
3976,Debit
4523,Debit (Prepaid)
4654,Debit (Prepaid)
5059,Credit
5115,Debit
5360,Credit
5366,Credit
5582,Debit
5585,Debit (Prepaid)
5630,Debit
5803,Debit
5927,Debit
6011,Credit
251,Credit
334,Debit
362,Debit
465,Credit
466,Debit
949,Credit
1499,Credit
1776,Credit
2018,Credit
2030,Credit
2132,Debit
2347,Debit
2402,Credit
2791,Debit (Prepaid)
3126,Debit
3185,Debit (Prepaid)
3563,Credit
3672,Debit (Prepaid)
4840,Credit
5070,Debit (Prepaid)
5269,Credit
5295,Credit
5495,Debit
5524,Credit
5711,Debit
6096,Debit (Prepaid)
30,Credit
45,Credit
180,Credit
195,Debit
328,Credit
710,Debit
1209,Debit
1316,Credit
1342,Debit
1508,Debit
1533,Credit
1582,Debit
1692,Debit
1703,Credit
1885,Debit
2268,Debit
2915,Credit
3109,Debit
3167,Debit
3345,Debit
3606,Credit
3956,Debit
4161,Credit
4452,Debit
4521,Debit
4551,Debit
4561,Debit
4969,Debit
5031,Debit
5101,Debit
5435,Credit
5623,Credit
5885,Debit
5918,Debit
6102,Debit
301,Debit (Prepaid)
522,Debit
828,Debit
935,Credit
1080,Debit
1124,Debit
1712,Debit
1730,Debit
1823,Credit
1954,Debit
2045,Debit
2203,Debit
2244,Credit
2438,Debit
2667,Debit (Prepaid)
2717,Credit
3008,Credit
3023,Debit
3026,Debit (Prepaid)
3070,Credit
3161,Debit (Prepaid)
3178,Debit
3390,Debit (Prepaid)
3410,Debit
3553,Debit
3589,Debit
4167,Debit
4203,Debit
4269,Debit
4373,Credit
4573,Debit
4757,Debit
4924,Credit
4967,Debit
5209,Debit
5227,Credit
5648,Debit
5745,Debit
5788,Debit
797,Debit
856,Debit (Prepaid)
1197,Credit
1501,Credit
1596,Credit
1861,Debit
2014,Debit (Prepaid)
2162,Debit
2208,Debit
2906,Debit
3271,Debit
3282,Debit
3675,Debit
4035,Credit
4265,Credit
5069,Credit
5224,Debit
5523,Debit
5564,Debit
5595,Credit
5598,Debit
5684,Credit
5767,Credit
120,Debit
223,Debit
380,Debit
567,Credit
761,Credit
800,Debit
829,Credit
1083,Credit
1182,Credit
1200,Debit
1254,Credit
1280,Debit
1538,Credit
1561,Credit
1595,Credit
2035,Debit
2488,Credit
2577,Debit (Prepaid)
2583,Credit
2591,Debit
2610,Debit
2912,Debit
2919,Credit
3525,Credit
3543,Debit
3561,Credit
3565,Debit
4018,Debit
4484,Debit
4666,Debit
4698,Debit
4981,Debit
5137,Credit
5167,Credit
5667,Credit
5750,Debit (Prepaid)
5791,Credit
5995,Credit
6121,Debit (Prepaid)
34,Debit
186,Credit
247,Credit
541,Credit
1049,Credit
1151,Debit (Prepaid)
1338,Credit
1603,Debit
1920,Debit
2388,Debit (Prepaid)
2699,Credit
2905,Debit
3169,Debit
3395,Debit
3437,Debit (Prepaid)
3487,Credit
3539,Debit (Prepaid)
3951,Credit
4135,Debit
4388,Debit
4706,Debit
4778,Credit
4903,Debit
5099,Debit
5210,Debit
5271,Debit
5423,Credit
5656,Debit
6049,Debit
42,Credit
50,Credit
473,Debit
989,Debit
1033,Debit
1457,Credit
1760,Debit
2221,Credit
2502,Credit
3033,Credit
3189,Debit
4072,Credit
4276,Credit
4406,Debit
4537,Debit
4678,Debit
4843,Credit
4994,Debit
5030,Credit
5216,Credit
5332,Debit
5392,Debit
5570,Credit
5973,Credit
5980,Credit
6097,Credit
151,Debit
625,Debit
744,Credit
908,Debit
1500,Debit
1825,Debit
2043,Credit
2314,Credit
2343,Credit
2366,Debit
2588,Credit
3052,Debit
3067,Debit
3193,Credit
3318,Debit
3321,Debit
3774,Debit
3793,Debit
3978,Debit
4291,Debit
4493,Debit
4834,Credit
5159,Debit
5235,Credit
5313,Credit
5385,Debit
5510,Debit
5967,Credit
6036,Debit
261,Credit
341,Debit
344,Debit
1015,Debit
1144,Debit
1232,Debit
1350,Credit
1563,Debit
1613,Debit
1690,Debit
2166,Credit
2255,Credit
2329,Credit
2356,Debit (Prepaid)
2359,Debit
2628,Debit
2661,Debit
2769,Credit
2822,Credit
3233,Debit
3270,Credit
3284,Credit
3486,Debit
3889,Debit
3898,Debit
4044,Debit
4119,Credit
4154,Debit
4446,Credit
4503,Credit
4677,Debit
4974,Credit
5281,Credit
5683,Debit
5931,Debit
145,Debit
205,Credit
1012,Credit
1066,Credit
1129,Credit
1362,Credit
2101,Debit
2102,Debit
2379,Credit
2433,Debit
2467,Credit
2712,Debit
2980,Debit
3386,Debit
3399,Credit
4544,Debit
4761,Debit
4769,Debit
4935,Debit
5110,Debit
5128,Debit
5129,Debit
5320,Debit (Prepaid)
5434,Debit
5910,Credit
6018,Credit
62,Debit
167,Credit
249,Debit
321,Debit
967,Debit
1113,Debit (Prepaid)
1120,Debit
1163,Debit
1300,Credit
1461,Debit
1529,Debit
1609,Credit
1841,Debit
1956,Debit
2267,Debit
2269,Debit
2484,Debit
2581,Debit
2962,Debit
3111,Debit
3124,Credit
3205,Debit
3210,Debit
3239,Credit
3329,Credit
3578,Debit
3848,Debit
4088,Credit
4174,Debit
4278,Credit
4668,Credit
5050,Credit
5259,Debit
5610,Debit
5831,Credit
5899,Credit
6038,Debit
529,Debit (Prepaid)
711,Debit
795,Credit
1230,Debit
1422,Debit (Prepaid)
1675,Debit
1826,Credit
1908,Debit
1966,Credit
2002,Debit
2138,Debit
2400,Debit
2451,Debit
2525,Debit
2636,Credit
2816,Debit
2961,Credit
2967,Debit
3212,Credit
3922,Credit
4396,Debit
4579,Debit
4631,Debit (Prepaid)
4943,Debit
5060,Debit
5322,Debit
5396,Debit
5429,Debit
5549,Debit
5740,Debit
5782,Debit
5785,Credit
5974,Credit
22,Credit
81,Debit
329,Debit (Prepaid)
469,Debit (Prepaid)
623,Credit
746,Credit
792,Debit (Prepaid)
835,Debit
1000,Debit
1170,Credit
1330,Credit
1474,Credit
1735,Debit
1780,Debit
1822,Debit
1918,Credit
2292,Debit
2541,Credit
2645,Debit
2656,Credit
2998,Credit
3032,Debit
3138,Debit
3475,Debit
3921,Credit
4171,Debit (Prepaid)
4188,Credit
4439,Credit
4504,Debit
4708,Debit
4930,Debit
5024,Debit
5282,Debit
5465,Credit
5781,Credit
5826,Debit
5876,Credit
6019,Credit
6114,Debit
113,Debit
412,Debit (Prepaid)
740,Debit
850,Debit
954,Debit (Prepaid)
1451,Credit
1750,Debit
1976,Credit
2146,Debit
2337,Credit
2378,Debit
2721,Debit (Prepaid)
2806,Debit (Prepaid)
3463,Debit
3515,Debit
3550,Credit
3640,Debit
3905,Debit
4364,Debit (Prepaid)
4508,Credit
4587,Debit
5443,Credit
49,Debit
65,Debit
292,Debit
1241,Debit
1532,Debit
1577,Credit
1710,Debit
1894,Credit
2149,Debit (Prepaid)
2199,Credit
2739,Credit
2981,Debit
3269,Debit (Prepaid)
3540,Debit (Prepaid)
3785,Debit
3887,Credit
3952,Debit
3961,Credit
4185,Debit
4238,Debit
4308,Credit
4721,Credit
4847,Credit
5040,Debit
5184,Credit
5444,Debit
5616,Credit
6005,Debit
11,Debit
63,Debit
293,Credit
408,Debit
558,Debit
888,Credit
1111,Debit
1275,Debit
1470,Debit
1549,Debit
1599,Debit
1833,Debit
2297,Debit
2397,Debit
2756,Debit
3186,Credit
3197,Credit
3710,Debit
3765,Credit
3815,Credit
3816,Credit
3899,Debit
4391,Credit
4564,Credit
4707,Debit
5066,Credit
5083,Credit
5187,Credit
5761,Credit
6083,Credit
17,Debit
133,Credit
448,Credit
742,Debit
814,Credit
1246,Credit
1340,Credit
1676,Credit
1763,Debit (Prepaid)
1923,Debit
2422,Credit
2456,Debit
2553,Credit
3289,Credit
3291,Debit
3860,Credit
3893,Debit (Prepaid)
3904,Debit
4324,Debit
4599,Credit
5165,Credit
5625,Credit
5716,Credit
6085,Credit
6086,Debit
470,Debit
639,Debit (Prepaid)
1041,Credit
1064,Debit
1702,Debit
1787,Debit
1824,Credit
2333,Credit
2336,Debit
2384,Debit
2575,Debit
2626,Debit
2641,Credit
2694,Credit
2840,Credit
3439,Debit
3673,Credit
3835,Debit
4136,Credit
4480,Debit
4699,Debit
4717,Credit
4844,Credit
5019,Debit
5405,Debit
5406,Credit
5805,Debit
6055,Debit
121,Debit
531,Credit
621,Credit
683,Credit
813,Debit
821,Credit
890,Credit
1073,Credit
1274,Credit
1285,Debit
1695,Credit
2022,Credit
2126,Debit
2198,Debit
2322,Debit
2579,Debit
3074,Debit
3412,Debit
3799,Debit
3977,Debit
4374,Debit
4727,Debit
4833,Debit
4849,Credit
4984,Debit
5005,Debit
5097,Debit
5327,Debit
5850,Debit
5893,Debit
5961,Debit
207,Debit
289,Debit
319,Debit
440,Debit
798,Credit
853,Credit
913,Debit
1047,Debit
1310,Debit
1514,Debit
1719,Debit
2110,Credit
2398,Credit
2735,Debit (Prepaid)
2790,Debit
2897,Debit
2931,Debit
3157,Credit
3419,Credit
3534,Debit
3727,Debit
3918,Debit
4033,Debit
4400,Credit
4846,Debit
4879,Credit
5581,Debit
6057,Credit
6066,Debit
19,Debit
383,Credit
874,Debit (Prepaid)
933,Debit
1032,Debit (Prepaid)
1166,Debit
1660,Debit
2607,Debit (Prepaid)
2827,Debit
2857,Debit (Prepaid)
3145,Debit
3200,Credit
3381,Debit
3512,Credit
3761,Debit
3858,Debit (Prepaid)
4014,Debit
4213,Credit
4377,Debit
4987,Credit
5545,Debit
5703,Debit
5739,Credit
6012,Debit
5,Credit
290,Debit
1414,Credit
1459,Credit
1493,Debit
1604,Debit
1641,Debit (Prepaid)
1671,Debit
1893,Credit
2518,Credit
2879,Debit
2973,Debit
3209,Debit
3770,Debit
4084,Credit
4415,Debit
4464,Debit (Prepaid)
4565,Debit
4581,Debit
4664,Debit (Prepaid)
4700,Debit (Prepaid)
4864,Credit
4970,Credit
5095,Debit
5140,Credit
5143,Credit
5346,Credit
183,Debit
248,Debit (Prepaid)
506,Credit
606,Debit
871,Debit
975,Debit
1007,Credit
1159,Debit
1458,Credit
1602,Debit
1700,Debit
1999,Debit
2066,Debit
2308,Credit
2432,Debit
2814,Credit
2885,Credit
3142,Debit
3156,Credit
3259,Credit
3337,Credit
3453,Credit
3507,Debit
4070,Credit
4355,Debit
4575,Debit
4603,Debit
4741,Debit (Prepaid)
5312,Debit
5325,Debit
5887,Credit
5895,Debit
72,Debit
123,Credit
370,Debit
393,Debit
602,Debit (Prepaid)
725,Debit
737,Credit
900,Credit
942,Debit
1035,Debit
1462,Debit
1949,Debit
1968,Debit
2181,Debit
2705,Debit (Prepaid)
2749,Debit
2800,Debit
3187,Debit
3272,Credit
3452,Debit
3818,Credit
3998,Debit
4103,Credit
4259,Credit
4289,Credit
4378,Debit (Prepaid)
4515,Debit
4972,Debit
5023,Credit
5633,Credit
5751,Debit (Prepaid)
6013,Credit
51,Debit
93,Credit
107,Credit
841,Debit (Prepaid)
1029,Debit
1234,Debit
1278,Debit
1345,Credit
1356,Credit
1409,Credit
1443,Credit
1865,Debit
1892,Debit
2137,Debit
2454,Debit
2695,Credit
2719,Debit
2741,Credit
2893,Debit
2960,Credit
3275,Debit
3492,Credit
3612,Debit
3729,Debit
3751,Debit
3891,Debit
3986,Credit
4110,Credit
4168,Debit
4208,Debit
4281,Debit
4369,Debit
4528,Debit
4647,Debit
4725,Debit (Prepaid)
4736,Debit
4747,Debit
4767,Debit
4947,Credit
5786,Debit
182,Credit
508,Debit
572,Credit
614,Debit
1628,Credit
1981,Debit
2001,Credit
2232,Debit
2287,Debit (Prepaid)
2726,Debit
2975,Debit
2992,Debit
3165,Debit
3326,Debit (Prepaid)
3464,Debit
3591,Debit
3870,Debit
3975,Credit
4398,Debit
4941,Credit
5068,Credit
5273,Debit
5445,Debit
5501,Credit
5690,Debit (Prepaid)
5736,Debit
5766,Debit
5813,Credit
861,Credit
891,Credit
912,Debit (Prepaid)
977,Debit
1127,Debit
1167,Credit
1242,Debit
1950,Credit
2245,Debit
2416,Debit
2668,Credit
3350,Credit
3435,Debit (Prepaid)
3481,Credit
3807,Debit
4123,Debit (Prepaid)
4709,Debit
4726,Credit
4783,Debit
4913,Debit
4918,Credit
4978,Debit
5028,Credit
5057,Debit
5371,Debit
5460,Debit
5534,Debit
5909,Credit
5988,Credit
348,Debit
350,Credit
397,Debit
570,Debit
584,Debit (Prepaid)
587,Credit
748,Credit
762,Credit
1177,Debit
1374,Credit
1375,Credit
1535,Debit
1591,Debit
2040,Credit
2100,Credit
2700,Credit
2774,Debit
3027,Debit
3513,Debit
3686,Credit
3812,Debit
4077,Credit
4384,Debit
4574,Debit
4993,Debit
5029,Debit (Prepaid)
5065,Debit
5160,Credit
5608,Credit
5725,Debit
346,Credit
758,Credit
865,Credit
1287,Credit
1363,Credit
1769,Credit
1792,Credit
1828,Debit
2386,Debit
2497,Debit
3128,Debit
3132,Debit
3288,Credit
3551,Debit
3825,Credit
3895,Credit
4366,Debit
4514,Debit
4810,Debit (Prepaid)
4862,Credit
5148,Credit
5455,Debit
5527,Credit
6008,Debit
6088,Credit
64,Credit
302,Debit
388,Credit
407,Credit
929,Debit
1452,Credit
1775,Credit
1930,Debit
2061,Credit
2370,Debit
2670,Debit
2935,Debit
3066,Debit
3394,Credit
3424,Debit
3473,Credit
3616,Credit
3674,Debit
3703,Debit (Prepaid)
4000,Credit
4004,Debit (Prepaid)
4165,Debit
4405,Debit
4653,Debit
5763,Credit
5981,Credit
423,Credit
668,Credit
938,Debit
1168,Debit
1171,Debit
1642,Debit
1815,Credit
2068,Credit
2092,Debit
2274,Credit
2526,Debit
2901,Debit
3273,Credit
3346,Debit
3446,Debit (Prepaid)
3600,Debit (Prepaid)
3624,Credit
3947,Debit
4112,Debit
4371,Debit
4488,Debit
4752,Debit
4953,Credit
5378,Debit
5464,Credit
6129,Credit
57,Debit
161,Credit
278,Debit
669,Credit
684,Debit (Prepaid)
815,Credit
897,Debit
1017,Debit
1133,Debit
1593,Debit
1711,Debit
2436,Debit
2443,Debit (Prepaid)
3064,Debit
3131,Debit
3251,Credit
3279,Debit
3691,Debit
3827,Debit
3914,Debit
3935,Debit
4026,Credit
4218,Debit
4248,Debit
4336,Debit
4558,Debit
4646,Debit
4962,Credit
5132,Debit
5230,Debit
5324,Credit
5390,Debit
5447,Debit
5448,Debit
5467,Debit (Prepaid)
5535,Credit
5596,Debit
5753,Credit
5851,Credit
68,Debit
176,Credit
415,Credit
962,Credit
1347,Credit
1518,Debit
1619,Credit
1741,Debit
2023,Debit
2289,Debit (Prepaid)
2389,Debit
2426,Debit
2766,Debit
2797,Debit (Prepaid)
2979,Debit
3076,Debit
3164,Credit
3883,Credit
4175,Debit (Prepaid)
4467,Debit
4567,Debit
4746,Credit
5291,Debit
5399,Debit
5729,Credit
5875,Debit
6111,Debit (Prepaid)
184,Credit
868,Debit
1158,Credit
1307,Credit
1464,Debit
1492,Debit (Prepaid)
1545,Debit
1715,Debit
1864,Debit
1890,Debit
2168,Debit
2529,Debit
2899,Credit
3188,Credit
3334,Debit (Prepaid)
3368,Debit
3478,Credit
3489,Debit
3685,Credit
3687,Debit
3842,Debit
3912,Debit
4206,Debit
4425,Debit
4623,Debit
4674,Debit
4772,Debit
4976,Credit
5299,Credit
5687,Debit (Prepaid)
5702,Debit (Prepaid)
6,Debit
26,Debit
33,Debit
118,Debit
178,Debit
464,Debit
491,Debit
640,Credit
712,Debit
732,Debit
966,Credit
1886,Debit
1904,Debit
2174,Debit (Prepaid)
2512,Credit
2711,Credit
2779,Credit
2891,Credit
3072,Debit
3222,Credit
3627,Debit
4989,Credit
5376,Debit
5380,Debit
5383,Credit
5606,Credit
6002,Credit
6022,Debit
92,Credit
111,Credit
225,Credit
904,Credit
1311,Debit
1629,Debit
1867,Debit
2109,Debit
2396,Debit
2444,Debit
2819,Credit
3054,Debit (Prepaid)
3078,Credit
3448,Credit
3636,Debit
3743,Credit
3836,Debit
3945,Credit
4155,Debit
4241,Debit
4424,Debit (Prepaid)
4546,Debit
4639,Debit (Prepaid)
4763,Debit
4878,Debit
5007,Credit
5100,Credit
5748,Credit
538,Debit
581,Debit
701,Credit
1644,Debit
1657,Debit
1821,Debit
2091,Debit
2104,Credit
2147,Debit
2277,Credit
2453,Debit
2531,Credit
2634,Debit
3006,Debit (Prepaid)
4073,Debit
4107,Credit
4304,Credit
4457,Debit
4766,Debit (Prepaid)
4876,Credit
4960,Debit
5262,Debit (Prepaid)
5769,Credit
5869,Debit (Prepaid)
5957,Debit
6023,Credit
6123,Debit
117,Credit
124,Credit
132,Credit
436,Credit
460,Debit
560,Credit
909,Credit
1558,Credit
1649,Credit
1686,Credit
1779,Credit
2094,Debit (Prepaid)
2472,Debit
2550,Credit
2693,Debit
2896,Debit
2929,Debit
3068,Debit
3129,Debit
3377,Debit
3614,Debit
3744,Credit
3759,Credit
3915,Debit
3971,Debit
4352,Debit
4409,Debit
4633,Credit
5264,Debit
5404,Credit
5814,Debit
6090,Debit
6100,Debit (Prepaid)
227,Credit
699,Debit (Prepaid)
916,Debit
1022,Debit (Prepaid)
1125,Debit (Prepaid)
1417,Debit
1446,Debit (Prepaid)
1494,Credit
1541,Debit
1706,Debit
1813,Debit (Prepaid)
1897,Debit
2111,Credit
3244,Debit
3527,Credit
4121,Debit
4127,Debit (Prepaid)
4399,Credit
4771,Debit
5215,Debit (Prepaid)
5352,Credit
5427,Debit
5569,Debit
5696,Debit
5768,Debit
5888,Debit (Prepaid)
5928,Debit
6127,Debit
36,Debit
437,Debit
459,Debit
768,Debit
867,Debit (Prepaid)
930,Debit
1368,Debit
1426,Credit
1487,Debit
1724,Debit
1852,Credit
1957,Debit
2031,Debit
2240,Credit
2330,Credit
2867,Debit
2987,Debit
3143,Debit
3715,Credit
3900,Debit
4177,Debit
4234,Debit (Prepaid)
4490,Debit (Prepaid)
5089,Debit
5260,Debit
5778,Debit
5809,Debit
6044,Debit
6056,Debit
578,Credit
902,Debit (Prepaid)
1211,Credit
1261,Credit
1721,Credit
1941,Debit
2008,Debit
2089,Debit
2188,Credit
2418,Credit
2952,Debit
3037,Debit
3408,Credit
3444,Debit
3497,Debit
3879,Credit
3954,Credit
3969,Debit
4319,Debit
5289,Debit
5330,Debit
5393,Debit
5686,Debit
175,Debit
494,Credit
637,Debit
1573,Debit
1935,Debit
2263,Debit (Prepaid)
2549,Debit
2560,Credit
3158,Credit
3254,Debit
3385,Debit
3505,Debit
3700,Debit
3802,Credit
3852,Debit (Prepaid)
4124,Credit
4297,Credit
5178,Debit
5382,Credit
5484,Credit
5620,Debit
5743,Debit
5752,Credit
5843,Debit
58,Debit
59,Credit
377,Debit
417,Credit
770,Debit
837,Debit
846,Debit
1418,Debit
1915,Debit
1974,Credit
2090,Debit
2372,Debit
2548,Debit
2602,Debit
2620,Debit (Prepaid)
2969,Debit
3214,Credit
3826,Credit
4149,Debit
4316,Debit
4433,Credit
4657,Debit (Prepaid)
4931,Credit
4986,Credit
5229,Credit
5398,Debit (Prepaid)
5489,Debit
5562,Debit
5789,Debit
6061,Debit
338,Debit
406,Credit
454,Debit
563,Debit
1096,Debit
1559,Debit
1911,Debit
2762,Debit
2911,Debit
3009,Credit
3168,Debit
3194,Debit
3234,Credit
3245,Debit
3635,Credit
3659,Debit
3766,Debit
4421,Debit (Prepaid)
4511,Credit
4853,Debit
5082,Debit
5188,Credit
5303,Credit
5415,Credit
5897,Debit
5983,Credit
6039,Credit
6136,Debit
608,Credit
613,Debit
694,Debit
827,Credit
854,Credit
920,Credit
1006,Debit
1269,Debit
1354,Credit
1586,Debit
2020,Credit
2463,Credit
2596,Debit
2744,Credit
2793,Credit
2903,Credit
3040,Debit
3498,Debit
3520,Credit
3757,Debit
3760,Debit
4029,Debit
4148,Debit
4150,Debit
4497,Debit
4622,Debit
4659,Debit
4802,Credit
5046,Debit
5515,Debit
5540,Credit
5541,Debit
5586,Debit
5592,Credit
5680,Debit (Prepaid)
95,Debit
288,Debit
366,Credit
430,Credit
603,Credit
845,Credit
976,Debit
1135,Credit
1262,Debit
1411,Debit (Prepaid)
1569,Debit
1606,Credit
1772,Debit
1946,Debit
2417,Debit
3020,Debit
3042,Debit
3344,Debit
3493,Debit
3595,Credit
3604,Debit
3868,Debit
3950,Credit
4020,Debit
4045,Debit
4254,Debit (Prepaid)
4386,Debit (Prepaid)
4443,Debit
4624,Credit
4641,Debit
4742,Debit
4790,Debit
4813,Credit
5116,Debit
5362,Debit
5408,Debit (Prepaid)
5622,Debit
5891,Debit
371,Debit (Prepaid)
498,Credit
1001,Credit
1034,Debit
1401,Debit
1455,Credit
1544,Debit
1618,Credit
1774,Debit (Prepaid)
1795,Credit
2015,Debit
2167,Credit
2321,Debit
2331,Debit
2498,Credit
2499,Credit
2587,Credit
3036,Debit
3147,Debit
3155,Debit (Prepaid)
3241,Debit
3310,Debit
3474,Debit
3709,Credit
3794,Credit
3897,Debit
4061,Debit
4273,Debit
4520,Debit
4642,Credit
4999,Debit
5349,Debit
5395,Debit
5547,Credit
5950,Debit
5963,Credit
6069,Debit
6080,Debit
521,Debit
806,Debit
973,Debit
981,Debit
1160,Credit
1298,Debit
1830,Debit
1846,Debit
1995,Debit
2021,Debit (Prepaid)
2926,Debit
3000,Debit
3014,Debit
3483,Debit
3558,Credit
3684,Debit
3732,Debit
4032,Credit
4099,Credit
4126,Debit
4141,Debit
4298,Debit
4543,Debit
4737,Debit
5016,Debit
5092,Credit
5181,Debit
5280,Debit
5486,Debit
5775,Debit
5833,Debit
6027,Debit
6030,Credit
303,Debit (Prepaid)
306,Debit (Prepaid)
500,Debit
777,Debit
1105,Credit
1154,Debit (Prepaid)
1169,Credit
1273,Debit
1289,Debit
1332,Debit
1377,Debit (Prepaid)
1840,Credit
1844,Debit
2238,Credit
2724,Credit
2729,Debit
3293,Debit
3343,Debit (Prepaid)
3916,Debit
4017,Credit
4502,Credit
4628,Credit
4734,Debit
5358,Debit
5902,Debit
502,Debit
978,Debit
1259,Debit
1276,Debit
1337,Debit
1460,Credit
1761,Debit
2248,Debit
2412,Debit
2537,Credit
2689,Debit (Prepaid)
2727,Credit
2781,Credit
2941,Credit
3225,Debit
3236,Debit
3252,Debit (Prepaid)
3619,Debit
3753,Debit
4055,Debit (Prepaid)
4330,Debit
4605,Debit (Prepaid)
4823,Debit (Prepaid)
4841,Credit
4917,Debit
5397,Credit
5543,Debit
5580,Debit
5587,Debit
5601,Debit
5892,Credit
6007,Debit
18,Debit
495,Debit (Prepaid)
596,Debit (Prepaid)
642,Credit
695,Debit
982,Credit
1178,Debit
1221,Debit
1277,Debit
1617,Debit (Prepaid)
2133,Debit
2282,Credit
2479,Debit
2503,Debit
2751,Debit
2770,Debit
2796,Debit
3130,Debit
3203,Debit
3338,Debit
3574,Debit
4081,Credit
4118,Credit
4221,Credit
4225,Debit
4407,Credit
4483,Credit
4663,Debit
4929,Debit
4944,Debit
5338,Credit
5519,Debit
5755,Credit
5770,Debit
6112,Credit
254,Credit
1061,Debit
1360,Credit
1543,Debit
1847,Debit
2327,Debit
2399,Credit
3149,Debit
3206,Debit
3533,Debit
3583,Debit
3776,Debit
3866,Debit (Prepaid)
4420,Credit
4440,Debit
4460,Debit (Prepaid)
4638,Debit (Prepaid)
4711,Debit
4977,Credit
5004,Debit
5058,Debit
5309,Credit
5685,Debit
5719,Credit
5911,Debit (Prepaid)
274,Credit
802,Credit
941,Credit
983,Credit
1028,Debit
1588,Debit
1762,Debit
2192,Debit (Prepaid)
2213,Debit (Prepaid)
2408,Debit
2538,Credit
2605,Credit
2928,Debit
3283,Debit
3297,Debit
3514,Credit
3974,Debit
4076,Credit
4137,Debit (Prepaid)
4303,Debit
4354,Credit
4560,Credit
5093,Debit
5277,Credit
5754,Debit
5815,Debit
179,Debit
463,Credit
580,Credit
636,Credit
652,Debit (Prepaid)
656,Debit
1054,Credit
1109,Credit
2027,Debit
2799,Credit
2850,Debit
3409,Debit
3670,Credit
3796,Debit
4492,Debit
4517,Debit
5353,Debit (Prepaid)
5466,Credit
5478,Debit
5727,Debit
5749,Debit
6014,Debit
219,Debit
323,Credit
702,Debit
848,Debit
1005,Credit
1077,Credit
1244,Credit
1358,Credit
1484,Debit
2076,Debit (Prepaid)
2341,Debit
2420,Debit
3077,Debit
3258,Credit
3352,Debit (Prepaid)
3402,Debit
3449,Debit
3491,Credit
4037,Credit
4300,Debit
4583,Debit
4824,Debit
4934,Debit
5106,Debit
5123,Debit
5201,Credit
5308,Debit
5488,Credit
5528,Debit
315,Debit
597,Debit
638,Credit
948,Debit
1157,Debit
1174,Debit
1218,Debit
1416,Debit (Prepaid)
1554,Debit (Prepaid)
1919,Debit
2148,Credit
2193,Credit
2679,Debit
2722,Credit
2821,Debit (Prepaid)
2925,Debit
2936,Credit
2947,Credit
3240,Debit
3274,Credit
3660,Credit
3863,Credit
4321,Credit
4344,Debit
4367,Debit
4372,Debit
4385,Debit
4466,Debit
4489,Credit
4595,Credit
4621,Credit
4679,Debit (Prepaid)
4817,Debit
4980,Credit
5012,Debit
5246,Credit
5481,Credit
5557,Debit
5796,Credit
5881,Credit
6065,Debit
96,Credit
168,Debit
214,Credit
291,Debit
727,Debit
879,Debit
1297,Debit
1669,Debit
1829,Credit
2165,Credit
2317,Credit
2921,Debit
2999,Debit
3151,Debit
3608,Debit (Prepaid)
3693,Debit (Prepaid)
4441,Debit
4697,Credit
4803,Debit
4842,Debit
5011,Debit (Prepaid)
5149,Debit
5533,Debit
6098,Credit
6138,Credit
28,Debit
198,Credit
455,Debit
706,Debit
926,Credit
1142,Debit
1399,Debit
1590,Debit
1614,Debit
1807,Debit
2173,Debit
2190,Credit
2204,Debit
2302,Credit
2334,Debit
2494,Credit
2573,Debit
2621,Debit (Prepaid)
2728,Credit
2889,Debit
3500,Credit
3641,Debit
3875,Debit
3946,Credit
4074,Credit
4655,Debit
4857,Debit (Prepaid)
4940,Debit
5218,Debit
5410,Debit
5446,Credit
5861,Credit
5904,Debit
5941,Debit
77,Debit
202,Credit
396,Debit
479,Debit
760,Debit
1434,Debit
1438,Debit (Prepaid)
1542,Debit
2272,Debit
3376,Debit (Prepaid)
3972,Credit
4279,Credit
4363,Debit
4812,Debit
4966,Debit
5062,Credit
5538,Credit
5724,Debit
5896,Debit
5912,Debit
6028,Debit
192,Debit
267,Debit (Prepaid)
287,Credit
339,Debit
568,Debit (Prepaid)
661,Debit
775,Debit
852,Debit
918,Credit
951,Credit
1410,Debit
1693,Credit
1708,Credit
1953,Debit
2079,Debit
2143,Debit
2382,Credit
2984,Credit
3323,Debit
3407,Debit
3537,Debit
3610,Credit
4661,Debit
4794,Debit (Prepaid)
4912,Debit
5454,Debit
5697,Credit
5774,Credit
5984,Debit
5992,Debit
10,Debit
21,Debit
67,Credit
110,Debit
221,Credit
592,Debit
808,Credit
1149,Debit
1195,Debit (Prepaid)
2184,Debit
2224,Credit
2254,Debit
2474,Credit
2480,Debit
2613,Debit (Prepaid)
2677,Credit
3059,Debit
3114,Debit
3180,Credit
3199,Debit
3230,Debit
3317,Credit
4041,Debit
4268,Debit
4680,Debit
4724,Debit
4731,Debit
4764,Debit
4815,Debit
4831,Debit
5022,Debit
5292,Credit
5341,Debit
5403,Debit
106,Credit
134,Debit (Prepaid)
514,Debit
574,Debit
659,Credit
666,Debit
923,Credit
991,Credit
993,Debit
1031,Debit
1141,Credit
1237,Debit (Prepaid)
1424,Debit
1630,Debit
1798,Debit
2024,Credit
2033,Debit
2342,Credit
2604,Debit
2687,Credit
2748,Debit
3011,Debit
3354,Debit
3847,Debit
5026,Debit (Prepaid)
5074,Debit
5138,Debit
5190,Debit (Prepaid)
5546,Debit
5594,Credit
5733,Credit
5790,Debit
5830,Debit
5930,Credit
5939,Debit
5955,Debit
6003,Debit
143,Debit
236,Credit
503,Debit
553,Debit
714,Credit
1058,Debit
1937,Debit
2469,Credit
2476,Debit
2500,Debit
2514,Debit
2810,Credit
2907,Debit
3010,Debit
3039,Debit
3191,Debit
3353,Debit
3361,Debit
3367,Debit
3480,Credit
4470,Debit
4634,Debit
4897,Debit
5002,Credit
69,Debit
234,Debit
433,Credit
559,Debit (Prepaid)
586,Debit
657,Debit
816,Credit
905,Debit
922,Debit
997,Credit
1733,Debit
1910,Debit (Prepaid)
2062,Debit
2176,Debit
2207,Credit
2393,Debit
2629,Debit
2703,Debit
2747,Debit
3432,Debit
3599,Debit
3837,Debit
3941,Debit
4036,Debit
4170,Credit
4334,Debit
4351,Debit
5111,Credit
5245,Debit
5951,Debit
6037,Debit
6137,Debit
332,Credit
336,Debit
387,Debit
449,Debit
577,Credit
752,Credit
972,Debit
1231,Debit
1519,Debit
1651,Debit
1857,Debit
1860,Debit
1891,Credit
1986,Debit
2306,Debit
3082,Credit
3176,Debit
3450,Debit
3752,Debit
3769,Debit
3844,Credit
3963,Debit (Prepaid)
4160,Debit
4427,Debit
4692,Debit
4859,Debit
4865,Debit
5117,Credit
5130,Debit
5171,Credit
5204,Credit
5339,Credit
5812,Debit
5934,Credit
378,Debit
424,Debit
426,Debit (Prepaid)
526,Debit
667,Credit
858,Debit
1233,Debit
1698,Debit
1874,Credit
2175,Debit
2182,Debit
2473,Debit
2562,Credit
2704,Debit (Prepaid)
2910,Credit
2940,Debit
3101,Debit
3137,Debit
3413,Credit
3503,Credit
3665,Credit
4182,Credit
4342,Debit
4410,Debit (Prepaid)
4519,Credit
4649,Credit
4719,Debit
4786,Debit (Prepaid)
4884,Credit
5468,Debit
5532,Debit
5555,Debit
5873,Credit
516,Credit
662,Debit (Prepaid)
804,Debit
1210,Debit
1329,Credit
1430,Credit
1663,Debit
2185,Debit
2276,Debit
2290,Debit
2310,Debit (Prepaid)
2486,Debit
2786,Debit
2803,Debit
3749,Debit
4194,Credit
4245,Credit
4320,Debit
4604,Debit
4732,Credit
5000,Credit
5161,Debit (Prepaid)
5186,Debit
5194,Debit
5258,Debit
5475,Debit
5574,Debit
5607,Debit
5689,Credit
5756,Debit
5947,Credit
6091,Credit
355,Credit
372,Debit
441,Debit
537,Credit
1509,Debit
1626,Debit
1725,Credit
1832,Debit
2278,Debit
2849,Credit
2873,Debit
3261,Debit
3278,Debit
3383,Credit
3528,Debit
3629,Credit
4011,Debit (Prepaid)
4329,Debit
4506,Debit (Prepaid)
5087,Debit
5328,Debit
5473,Debit (Prepaid)
5691,Debit (Prepaid)
5735,Debit
6124,Credit
147,Credit
270,Credit
384,Debit
783,Credit
876,Debit
1044,Credit
1088,Credit
1282,Debit (Prepaid)
1709,Credit
1748,Credit
1982,Debit
2058,Debit
2902,Debit
2922,Debit
2970,Credit
3005,Debit
3106,Debit
3316,Debit (Prepaid)
3351,Debit
3994,Credit
4448,Debit
4586,Debit (Prepaid)
5047,Credit
5174,Debit (Prepaid)
5242,Credit
5275,Debit
5456,Debit
5492,Debit
5588,Debit
5695,Debit
5932,Debit
6006,Credit
6101,Debit
89,Credit
201,Credit
700,Debit
1214,Credit
1400,Debit
1419,Debit
1427,Debit (Prepaid)
1429,Credit
1546,Credit
1687,Debit (Prepaid)
1726,Debit
1985,Debit
2016,Credit
2044,Debit
2150,Debit
2307,Debit (Prepaid)
2325,Debit
2673,Credit
2678,Credit
2836,Credit
3174,Debit
3192,Debit
3201,Debit
3642,Credit
3874,Debit
4153,Debit
4178,Debit
4327,Debit
4615,Debit
4671,Credit
4945,Debit (Prepaid)
5063,Debit
5094,Debit
5944,Debit
6079,Debit
593,Debit
765,Debit (Prepaid)
1010,Debit
1263,Debit
1388,Debit
2669,Credit
2691,Debit
2871,Debit
3587,Debit
3736,Debit
3819,Debit
3948,Debit
4128,Debit
4216,Debit
4309,Debit
4313,Credit
4524,Debit
4923,Debit
5284,Debit
5854,Debit
6034,Debit
245,Debit
987,Debit
1089,Credit
1161,Debit
1217,Debit
1348,Debit (Prepaid)
1440,Credit
1914,Debit
2195,Credit
2339,Debit
2429,Credit
2843,Debit
2900,Credit
3681,Credit
3723,Debit
3913,Debit
4162,Debit
4393,Debit
4422,Credit
4500,Debit
4850,Credit
4963,Debit
5276,Debit
5297,Debit
5477,Debit
5644,Debit
5884,Debit
5915,Credit
5935,Credit
5966,Credit
0,Debit
212,Credit
1240,Debit (Prepaid)
1384,Credit
1402,Credit
1965,Debit
2010,Debit
2074,Credit
2119,Credit
2261,Debit (Prepaid)
2606,Debit
2631,Credit
2752,Debit
3086,Debit
3232,Debit
3363,Credit
3722,Debit (Prepaid)
3990,Debit
4290,Debit
4462,Debit
4894,Debit
4907,Debit
5045,Debit
5170,Debit
5402,Credit
5619,Debit
5844,Credit
6009,Credit
6081,Debit
70,Debit
119,Credit
357,Debit
446,Debit (Prepaid)
468,Credit
474,Debit
893,Credit
965,Credit
1018,Debit
1110,Debit
1225,Credit
1256,Debit (Prepaid)
1313,Debit
1605,Credit
1784,Credit
1836,Debit
1838,Debit (Prepaid)
1934,Credit
2214,Debit
2349,Debit
2361,Credit
2375,Debit (Prepaid)
2664,Credit
2989,Debit
3315,Debit
3542,Debit
3680,Debit
3767,Credit
3907,Credit
4052,Credit
4094,Debit
4166,Credit
4199,Debit
4229,Debit
4328,Credit
4339,Credit
4745,Debit
4753,Debit
5039,Debit
5103,Credit
5217,Debit
5639,Credit
5808,Debit
88,Debit
299,Credit
330,Debit
507,Credit
634,Debit
767,Debit
958,Debit
1057,Debit (Prepaid)
1123,Debit (Prepaid)
1260,Credit
1314,Debit
1579,Debit
1907,Debit
2159,Debit
2380,Debit
2851,Debit
2948,Debit
3055,Debit
3294,Credit
3336,Debit
3682,Debit
3768,Credit
4892,Credit
4952,Debit (Prepaid)
5151,Debit
5331,Debit
5471,Credit
5521,Debit
5765,Credit
5839,Credit
5975,Debit
6048,Debit
6084,Credit
98,Debit
206,Debit
242,Debit
243,Debit
309,Debit
515,Debit
564,Debit
785,Debit
875,Debit (Prepaid)
932,Debit
1095,Debit
1138,Credit
1334,Debit
1394,Debit
1415,Debit
2095,Credit
2316,Credit
2590,Credit
2665,Credit
2675,Credit
2754,Credit
2811,Credit
3516,Debit
3611,Debit
3719,Debit
3791,Debit
4131,Debit
4230,Debit
4271,Credit
4382,Debit (Prepaid)
4486,Credit
4723,Debit
4991,Credit
5044,Credit
5370,Credit
5556,Debit
5567,Debit
6031,Debit
6110,Debit
144,Debit
427,Debit
690,Credit
1117,Credit
1175,Debit
1288,Credit
1485,Credit
1584,Debit
2047,Debit
2775,Debit
2888,Credit
3139,Credit
3479,Debit (Prepaid)
3792,Debit
4002,Credit
4108,Credit
4964,Debit
5124,Debit
5823,Debit
5849,Debit
5856,Credit
5894,Debit
5926,Credit
528,Debit
755,Debit
818,Credit
959,Debit
1162,Debit
1468,Debit
1513,Credit
1568,Debit
1600,Debit
1878,Debit
2049,Debit
2415,Debit
2419,Debit
2522,Debit
2732,Debit
2913,Debit
3260,Credit
3421,Credit
3869,Debit
4526,Debit (Prepaid)
5107,Debit
5661,Debit
5678,Credit
5712,Credit
6053,Debit
358,Debit
658,Debit
882,Credit
1140,Credit
1150,Debit (Prepaid)
1184,Credit
1212,Credit
1239,Debit
1381,Debit (Prepaid)
1655,Debit (Prepaid)
1689,Debit
2211,Debit
2285,Debit
2563,Credit
2624,Debit
3141,Debit
3213,Credit
3300,Credit
3456,Debit
3902,Credit
4315,Credit
4412,Credit
4965,Debit
5108,Debit
5355,Debit
5529,Credit
5627,Credit
5659,Debit
5886,Credit
6064,Debit
304,Debit
591,Debit
616,Debit
723,Debit
1187,Debit
1306,Debit (Prepaid)
1496,Debit
1540,Debit
1632,Debit (Prepaid)
1831,Debit
1939,Debit
1944,Credit
2037,Debit
2647,Debit
2655,Debit
3001,Debit
3429,Debit
3628,Debit
4054,Debit (Prepaid)
4176,Credit
4395,Debit
4609,Debit
4640,Debit (Prepaid)
4743,Debit (Prepaid)
5183,Credit
5459,Credit
5958,Debit
6117,Credit
530,Debit
1551,Debit
1562,Debit
2233,Debit
2311,Debit
2485,Credit
2547,Debit
2795,Debit
3044,Credit
3750,Credit
4251,Debit
4253,Debit
4350,Debit
4594,Credit
4606,Debit
4820,Credit
5329,Debit (Prepaid)
5373,Credit
5401,Debit
6103,Debit
12,Debit
226,Credit
419,Debit
452,Credit
590,Credit
849,Debit
869,Debit
910,Debit
937,Debit (Prepaid)
943,Credit
944,Debit
1382,Debit
1441,Credit
1505,Credit
1528,Debit
1627,Debit
1797,Credit
1924,Credit
2156,Debit
2266,Debit
2944,Debit
3182,Debit
3468,Credit
3621,Credit
3725,Debit
3830,Debit
3861,Debit
3989,Debit (Prepaid)
4069,Debit
4083,Credit
4106,Credit
4196,Debit
4215,Credit
4252,Debit
4863,Credit
5650,Debit
5956,Credit
5959,Debit (Prepaid)
6016,Credit
6082,Debit (Prepaid)
194,Credit
316,Debit
630,Debit
675,Debit
809,Debit
887,Debit
1026,Debit
1164,Debit (Prepaid)
1245,Credit
1272,Debit
1328,Credit
1517,Credit
1929,Debit
2381,Debit
2738,Debit
3104,Debit (Prepaid)
3120,Debit
3276,Credit
3764,Debit
3881,Credit
3920,Debit (Prepaid)
4019,Debit
4682,Credit
4744,Debit
4765,Debit
4872,Debit (Prepaid)
5150,Debit
5223,Debit (Prepaid)
5663,Debit (Prepaid)
562,Debit
626,Debit
686,Debit
787,Debit
1972,Debit
2009,Debit
2256,Credit
2731,Debit
3247,Debit
3739,Credit
3864,Debit (Prepaid)
3979,Debit
4209,Credit
4322,Debit
4525,Debit
4617,Credit
4662,Debit
4776,Debit
5134,Debit (Prepaid)
5317,Debit
5651,Debit
127,Credit
392,Credit
720,Debit
838,Credit
1264,Debit
1476,Debit
1504,Debit (Prepaid)
1507,Debit
1801,Debit
1883,Credit
1900,Credit
2041,Credit
2113,Debit
2383,Credit
2682,Debit
2688,Debit
2812,Credit
2953,Debit
3140,Credit
3311,Credit
3839,Debit (Prepaid)
4028,Debit
4056,Debit
4098,Debit (Prepaid)
4186,Debit
4296,Debit
4738,Credit
4845,Debit
5014,Debit
5075,Credit
5112,Debit
5122,Debit
5526,Debit
5946,Debit (Prepaid)
6089,Credit
162,Debit
273,Debit
1115,Credit
1193,Credit
1335,Credit
1581,Credit
1714,Credit
1834,Credit
2120,Credit
2172,Debit
2455,Debit
2490,Debit
2597,Debit
2614,Credit
2972,Debit
3834,Credit
3867,Debit (Prepaid)
3958,Debit
4051,Debit
4326,Debit
4487,Debit
4685,Debit
4905,Debit
5315,Debit (Prepaid)
5326,Credit
5579,Debit
5675,Debit
5708,Credit
5834,Credit
5933,Debit
6075,Debit
6134,Debit
73,Credit
130,Credit
150,Debit
199,Credit
216,Debit
410,Debit
518,Debit
863,Credit
950,Debit
1548,Debit
1766,Debit
1819,Debit
2200,Debit (Prepaid)
2298,Credit
2483,Debit
2608,Credit
2612,Debit
2939,Debit
3216,Debit
3484,Credit
3623,Credit
3828,Debit
4025,Debit
4479,Credit
4485,Debit
4505,Debit
4683,Credit
5056,Debit
5301,Debit
5334,Debit
5921,Debit
6099,Debit
136,Debit
260,Credit
892,Debit
1412,Debit
1555,Credit
1670,Debit
1877,Credit
1938,Credit
2151,Debit
2163,Debit
2293,Debit
2335,Debit (Prepaid)
2487,Debit
2517,Debit
2520,Debit
2713,Debit
2809,Debit
2894,Debit
2945,Credit
3195,Debit
3215,Debit
3502,Credit
3625,Credit
3690,Debit
3697,Debit
3821,Debit
4091,Credit
4389,Credit
4426,Debit
4510,Debit
4534,Debit
4852,Debit
4939,Credit
5487,Credit
5516,Debit
5817,Credit
501,Credit
519,Credit
901,Credit
1222,Credit
1319,Debit
1355,Debit
1747,Credit
1845,Debit
2294,Debit (Prepaid)
2507,Credit
2649,Debit
2753,Debit
2824,Credit
2875,Credit
3065,Debit
3069,Debit (Prepaid)
3301,Debit
3953,Credit
4142,Debit
4190,Debit
4201,Debit (Prepaid)
4266,Debit (Prepaid)
4401,Credit
4423,Debit
4436,Credit
4552,Credit
4557,Debit
4597,Debit
4643,Debit (Prepaid)
4858,Debit
4880,Debit
5442,Debit (Prepaid)
5520,Debit
5673,Debit
5700,Credit
5732,Debit
5783,Credit
5845,Debit
5882,Credit
5923,Debit
6095,Debit
660,Credit
898,Debit
1076,Debit
1194,Debit
1447,Debit
2144,Credit
2218,Credit
2362,Debit
2376,Debit
2515,Debit (Prepaid)
3080,Credit
3229,Debit (Prepaid)
3372,Credit
3423,Debit
3564,Debit
4183,Credit
4473,Debit
4527,Debit
4529,Credit
4613,Credit
4860,Credit
5200,Credit
5293,Credit
5551,Credit
5578,Debit (Prepaid)
5906,Debit
6063,Credit
154,Debit
159,Debit
171,Debit (Prepaid)
181,Credit
197,Debit
256,Debit
258,Credit
298,Debit
421,Debit (Prepaid)
422,Debit
467,Debit
648,Credit
1082,Debit
1638,Debit
1653,Debit
1665,Debit
1683,Debit (Prepaid)
2180,Debit
2390,Debit (Prepaid)
2450,Debit
2461,Credit
2745,Credit
2933,Debit
3108,Debit
3546,Credit
3784,Debit
4228,Debit
4532,Debit
4915,Debit
5096,Credit
5185,Credit
5514,Debit (Prepaid)
5758,Debit
5810,Debit (Prepaid)
5868,Credit
6144,Debit
276,Credit
404,Credit
612,Debit (Prepaid)
682,Debit (Prepaid)
782,Debit
994,Debit
1078,Debit
1148,Credit
1466,Credit
1480,Debit
1810,Debit
1818,Debit
2202,Debit
2457,Debit
2501,Debit
2708,Credit
2887,Credit
3019,Debit (Prepaid)
3387,Debit
3706,Debit
4064,Debit
4163,Credit
4482,Credit
4601,Credit
4675,Debit
4720,Debit
4828,Debit (Prepaid)
4889,Debit
4927,Credit
5052,Credit
5120,Debit
5207,Debit
5279,Credit
5422,Credit
5493,Debit
5654,Debit (Prepaid)
5657,Credit
5900,Credit
6108,Debit
6109,Credit
543,Debit
556,Credit
599,Debit
604,Debit (Prepaid)
691,Debit
1367,Debit
1433,Debit
1512,Debit
1516,Debit
1526,Credit
1616,Credit
1789,Credit
1906,Credit
1952,Debit
1973,Debit
2098,Credit
2154,Debit
2252,Credit
2698,Debit
3422,Debit (Prepaid)
3466,Debit
3548,Credit
3737,Credit
3747,Debit
3919,Debit
4358,Credit
4618,Credit
5234,Debit
48,Debit
149,Credit
885,Debit
1132,Debit
1835,Debit
1882,Debit
2178,Credit
2273,Credit
2275,Debit
2690,Debit (Prepaid)
3150,Credit
3379,Credit
3458,Debit
3735,Credit
4217,Debit
4306,Debit
4572,Debit (Prepaid)
4584,Debit
4629,Credit
4885,Debit
5035,Debit
5079,Debit
5125,Credit
5298,Credit
5321,Debit
5637,Credit
5820,Debit
35,Debit
41,Debit (Prepaid)
47,Debit
185,Credit
295,Debit (Prepaid)
1053,Credit
1180,Debit
1699,Credit
1739,Debit
1960,Debit
2545,Debit
2574,Debit
2872,Credit
2904,Debit (Prepaid)
2923,Debit
2927,Debit
2995,Debit (Prepaid)
3285,Credit
3499,Debit
3892,Credit
4059,Debit
4140,Credit
4333,Debit
4495,Debit
4616,Debit (Prepaid)
5261,Debit
5342,Debit
5438,Debit
5553,Debit
5672,Debit
5872,Debit
5986,Credit
5996,Debit
331,Credit
545,Debit
609,Credit
1788,Debit
2070,Credit
2260,Debit
2565,Credit
3031,Debit
3123,Credit
3341,Debit
3552,Debit (Prepaid)
3721,Debit (Prepaid)
3814,Credit
3917,Debit (Prepaid)
3938,Debit (Prepaid)
4113,Credit
4210,Debit
4392,Credit
4669,Credit
4676,Debit
4684,Credit
4704,Debit
5145,Debit
5311,Debit
5643,Credit
5645,Debit
5655,Debit
5937,Credit
5976,Debit (Prepaid)
